method,axis,threshold,n,accuracy,macro_f1,attack_f1,attack_precision,attack_recall,benign_fpr,attack_fnr,roc_auc,tn,fp,fn,tp,tfidf_direct_benign,tfidf_direct_attack,deberta_calls,deberta_call_rate
TF-IDF + LR fixed_0.5,iid_test,0.500000000,3918,0.963246554,0.963073781,0.965599618,0.955103970,0.976328502,0.051406926,0.023671498,0.994051540,1753,95,49,2021,0,0,0,0.000000000
TF-IDF + LR validation_fpr_budget,iid_test,0.653772151,3918,0.957376212,0.957340728,0.958571074,0.985211627,0.933333333,0.015692641,0.066666667,0.994051540,1819,29,138,1932,0,0,0,0.000000000
DeBERTa-v3-FT fixed_0.5,iid_test,0.500000000,3918,0.988514548,0.988476545,0.989138306,0.988422576,0.989855072,0.012987013,0.010144928,0.997828701,1824,24,21,2049,0,0,3918,1.000000000
DeBERTa-v3-FT validation_fpr_budget,iid_test,0.871775433,3918,0.988259316,0.988222181,0.988883519,0.989361702,0.988405797,0.011904762,0.011594203,0.997828701,1826,22,24,2046,0,0,3918,1.000000000
TF-IDF → DeBERTa cascade validation_fpr_budget,iid_test,,3918,0.988259316,0.988222181,0.988883519,0.989361702,0.988405797,0.011904762,0.011594203,,1826,22,24,2046,724,1548,1646,0.420112302
TF-IDF + LR fixed_0.5,hard_benign,0.500000000,808,0.684405941,0.406318883,0.000000000,0.000000000,0.000000000,0.315594059,,,553,255,0,0,0,0,0,0.000000000
TF-IDF + LR validation_fpr_budget,hard_benign,0.653772151,808,0.847772277,0.458807770,0.000000000,0.000000000,0.000000000,0.152227723,,,685,123,0,0,0,0,0,0.000000000
DeBERTa-v3-FT fixed_0.5,hard_benign,0.500000000,808,0.534653465,0.348387097,0.000000000,0.000000000,0.000000000,0.465346535,,,432,376,0,0,0,0,808,1.000000000
DeBERTa-v3-FT validation_fpr_budget,hard_benign,0.871775433,808,0.564356436,0.360759494,0.000000000,0.000000000,0.000000000,0.435643564,,,456,352,0,0,0,0,808,1.000000000
TF-IDF → DeBERTa cascade validation_fpr_budget,hard_benign,,808,0.560643564,0.359238699,0.000000000,0.000000000,0.000000000,0.439356436,,,453,355,0,0,22,4,782,0.967821782
TF-IDF + LR fixed_0.5,obfuscated_attacks,0.500000000,405,0.967901235,0.491844417,0.983688833,1.000000000,0.967901235,,0.032098765,,0,0,13,392,0,0,0,0.000000000
TF-IDF + LR validation_fpr_budget,obfuscated_attacks,0.653772151,405,0.797530864,0.443681319,0.887362637,1.000000000,0.797530864,,0.202469136,,0,0,82,323,0,0,0,0.000000000
DeBERTa-v3-FT fixed_0.5,obfuscated_attacks,0.500000000,405,0.990123457,0.497518610,0.995037221,1.000000000,0.990123457,,0.009876543,,0,0,4,401,0,0,405,1.000000000
DeBERTa-v3-FT validation_fpr_budget,obfuscated_attacks,0.871775433,405,0.982716049,0.495641345,0.991282690,1.000000000,0.982716049,,0.017283951,,0,0,7,398,0,0,405,1.000000000
TF-IDF → DeBERTa cascade validation_fpr_budget,obfuscated_attacks,,405,0.982716049,0.495641345,0.991282690,1.000000000,0.982716049,,0.017283951,,0,0,7,398,0,221,184,0.454320988
TF-IDF + LR fixed_0.5,domain_ood,0.500000000,2000,0.947000000,0.946966854,0.948292683,0.925714286,0.972000000,0.078000000,0.028000000,0.989757000,922,78,28,972,0,0,0,0.000000000
TF-IDF + LR validation_fpr_budget,domain_ood,0.653772151,2000,0.923000000,0.922712413,0.917997870,0.981776765,0.862000000,0.016000000,0.138000000,0.989757000,984,16,138,862,0,0,0,0.000000000
DeBERTa-v3-FT fixed_0.5,domain_ood,0.500000000,2000,0.975000000,0.975000000,0.975000000,0.975000000,0.975000000,0.025000000,0.025000000,0.997044000,975,25,25,975,0,0,2000,1.000000000
DeBERTa-v3-FT validation_fpr_budget,domain_ood,0.871775433,2000,0.975500000,0.975499504,0.975389252,0.979818365,0.971000000,0.020000000,0.029000000,0.997044000,980,20,29,971,0,0,2000,1.000000000
TF-IDF → DeBERTa cascade validation_fpr_budget,domain_ood,,2000,0.975500000,0.975499504,0.975389252,0.979818365,0.971000000,0.020000000,0.029000000,,980,20,29,971,196,239,1565,0.782500000
TF-IDF + LR fixed_0.5,structural_ood,0.500000000,1998,0.572572573,0.502466829,0.689228530,0.541452258,0.947947948,0.802802803,0.052052052,0.644483322,197,802,52,947,0,0,0,0.000000000
TF-IDF + LR validation_fpr_budget,structural_ood,0.653772151,1998,0.589089089,0.564910589,0.667476711,0.560544218,0.824824825,0.646646647,0.175175175,0.644483322,353,646,175,824,0,0,0,0.000000000
DeBERTa-v3-FT fixed_0.5,structural_ood,0.500000000,1998,0.581581582,0.500256106,0.701854494,0.545152355,0.984984985,0.821821822,0.015015015,0.848533218,178,821,15,984,0,0,1998,1.000000000
DeBERTa-v3-FT validation_fpr_budget,structural_ood,0.871775433,1998,0.597597598,0.528259909,0.709117221,0.555240793,0.980980981,0.785785786,0.019019019,0.848533218,214,785,19,980,0,0,1998,1.000000000
TF-IDF → DeBERTa cascade validation_fpr_budget,structural_ood,,1998,0.593093093,0.520148956,0.707238027,0.552305962,0.982982983,0.796796797,0.017017017,,203,796,17,982,0,421,1577,0.789289289
