tau,test_F1,hb_FPR_agg
0.0,0.691383,1.0
0.002,0.691383,1.0
0.004,0.691383,1.0
0.006,0.692192,1.0
0.008,0.693467,1.0
0.01,0.695798,1.0
0.012,0.698734,0.998762
0.014,0.701457,0.998762
0.016,0.706605,0.998762
0.018,0.710608,0.998762
0.02,0.714286,0.997525
0.022,0.717878,0.997525
0.024,0.723903,0.997525
0.026,0.73003,0.997525
0.028,0.736262,0.99505
0.03,0.742468,0.993812
0.032,0.748508,0.993812
0.034,0.754098,0.992574
0.036,0.757825,0.992574
0.038,0.762343,0.990099
0.04,0.766722,0.990099
0.042,0.771295,0.988861
0.044,0.773603,0.985149
0.046,0.778551,0.981436
0.048,0.783564,0.972772
0.05,0.787141,0.972772
0.052,0.790147,0.966584
0.054,0.793937,0.965347
0.056,0.798071,0.960396
0.058,0.801938,0.957921
0.06,0.805372,0.95297
0.062,0.808203,0.950495
0.064,0.811532,0.946782
0.066,0.814567,0.943069
0.068,0.818272,0.938119
0.07,0.821124,0.934406
0.072,0.823904,0.930693
0.074,0.825835,0.918317
0.076,0.830151,0.914604
0.078,0.832326,0.913366
0.08,0.835525,0.909653
0.082,0.840285,0.904703
0.084,0.843029,0.90099
0.086,0.844581,0.89604
0.088,0.846832,0.894802
0.09,0.848746,0.893564
0.092,0.850669,0.889851
0.094,0.85313,0.888614
0.096,0.854895,0.887376
0.098,0.857024,0.887376
0.1,0.859342,0.884901
0.102,0.860955,0.882426
0.104,0.862934,0.87995
0.106,0.865103,0.877475
0.108,0.866919,0.875
0.11,0.868742,0.871287
0.112,0.870023,0.871287
0.114,0.872044,0.863861
0.116,0.87315,0.862624
0.118,0.874629,0.862624
0.12,0.87723,0.857673
0.122,0.879097,0.855198
0.124,0.880973,0.85396
0.126,0.88399,0.850248
0.128,0.885316,0.847772
0.13,0.885696,0.842822
0.132,0.886837,0.841584
0.134,0.888363,0.839109
0.136,0.890086,0.835396
0.138,0.891816,0.834158
0.14,0.892201,0.831683
0.142,0.893746,0.830446
0.144,0.895296,0.829208
0.146,0.896851,0.826733
0.148,0.897436,0.82302
0.15,0.898412,0.819307
0.152,0.89939,0.818069
0.154,0.900371,0.815594
0.156,0.902535,0.815594
0.158,0.903876,0.813119
0.16,0.90423,0.811881
0.162,0.904825,0.810644
0.164,0.90542,0.809406
0.166,0.906614,0.804455
0.168,0.907212,0.799505
0.17,0.90837,0.795792
0.172,0.909372,0.793317
0.174,0.910174,0.793317
0.176,0.911381,0.789604
0.178,0.913361,0.788366
0.18,0.913969,0.785891
0.182,0.915352,0.783416
0.184,0.916092,0.783416
0.186,0.9165,0.778465
0.188,0.916908,0.777228
0.19,0.91728,0.773515
0.192,0.918062,0.772277
0.194,0.919088,0.769802
0.196,0.919911,0.767327
0.198,0.921147,0.764851
0.2,0.922387,0.762376
0.202,0.922801,0.758663
0.204,0.923422,0.757426
0.206,0.923596,0.75495
0.208,0.924184,0.753713
0.21,0.924567,0.751238
0.212,0.925366,0.747525
0.214,0.925993,0.743812
0.216,0.926202,0.742574
0.218,0.926829,0.740099
0.22,0.926829,0.737624
0.222,0.927248,0.733911
0.224,0.928717,0.72896
0.226,0.928717,0.727723
0.228,0.928927,0.722772
0.23,0.92998,0.721535
0.232,0.930401,0.717822
0.234,0.931246,0.717822
0.236,0.932092,0.716584
0.238,0.932727,0.712871
0.24,0.933151,0.709158
0.242,0.934214,0.706683
0.244,0.934639,0.70297
0.246,0.934852,0.700495
0.248,0.935491,0.69802
0.25,0.935918,0.695545
0.252,0.936559,0.689356
0.254,0.936772,0.685644
0.256,0.936772,0.680693
0.258,0.937414,0.678218
0.26,0.938486,0.67698
0.262,0.938673,0.673267
0.264,0.939318,0.67203
0.266,0.939505,0.670792
0.268,0.93972,0.668317
0.27,0.939936,0.665842
0.272,0.939908,0.663366
0.274,0.94034,0.660891
0.276,0.940987,0.659653
0.278,0.94142,0.657178
0.28,0.942069,0.653465
0.282,0.942502,0.648515
0.284,0.942502,0.64604
0.286,0.942936,0.644802
0.288,0.943153,0.644802
0.29,0.942883,0.642327
0.292,0.943101,0.639851
0.294,0.943753,0.637376
0.296,0.943945,0.633663
0.298,0.94438,0.632426
0.3,0.94438,0.628713
0.302,0.945253,0.626238
0.304,0.945471,0.623762
0.306,0.94569,0.621287
0.308,0.946346,0.617574
0.31,0.946346,0.613861
0.312,0.947222,0.612624
0.314,0.947222,0.612624
0.316,0.947442,0.612624
0.318,0.947417,0.612624
0.32,0.947856,0.610149
0.322,0.948296,0.607673
0.324,0.948736,0.60396
0.326,0.948956,0.600248
0.328,0.948956,0.594059
0.33,0.949837,0.590347
0.332,0.950035,0.586634
0.334,0.950477,0.584158
0.336,0.950896,0.582921
0.338,0.950896,0.579208
0.34,0.951117,0.575495
0.342,0.951339,0.574257
0.344,0.952448,0.570545
0.346,0.953092,0.564356
0.348,0.953092,0.563119
0.35,0.953983,0.561881
0.352,0.953983,0.561881
0.354,0.953983,0.559406
0.356,0.953983,0.554455
0.358,0.954206,0.553218
0.36,0.954652,0.549505
0.362,0.955098,0.54703
0.364,0.955098,0.544554
0.366,0.955322,0.543317
0.368,0.955322,0.539604
0.37,0.955301,0.533416
0.372,0.955748,0.532178
0.374,0.956399,0.528465
0.376,0.956624,0.527228
0.378,0.956848,0.523515
0.38,0.957072,0.518564
0.382,0.957052,0.514851
0.384,0.957032,0.509901
0.386,0.956787,0.50495
0.388,0.957237,0.503713
0.39,0.956992,0.5
0.392,0.956992,0.493812
0.394,0.957442,0.487624
0.396,0.957667,0.485149
0.398,0.958098,0.482673
0.4,0.958549,0.47896
0.402,0.95851,0.47401
0.404,0.958962,0.470297
0.406,0.958943,0.469059
0.408,0.959396,0.462871
0.41,0.959396,0.462871
0.412,0.959376,0.460396
0.414,0.960057,0.454208
0.416,0.960284,0.449257
0.418,0.960738,0.443069
0.42,0.960965,0.439356
0.422,0.960947,0.435644
0.424,0.961174,0.430693
0.426,0.961402,0.428218
0.428,0.961402,0.424505
0.43,0.961857,0.424505
0.432,0.961839,0.420792
0.434,0.961839,0.419554
0.436,0.962067,0.418317
0.438,0.962049,0.415842
0.44,0.962049,0.414604
0.442,0.962278,0.408416
0.444,0.962734,0.407178
0.446,0.962488,0.403465
0.448,0.962488,0.399752
0.45,0.962717,0.397277
0.452,0.962945,0.393564
0.454,0.962928,0.391089
0.456,0.963386,0.388614
0.458,0.963615,0.384901
0.46,0.963844,0.381188
0.462,0.964286,0.375
0.464,0.964269,0.371287
0.466,0.964252,0.368812
0.468,0.964711,0.367574
0.47,0.964942,0.365099
0.472,0.964942,0.361386
0.474,0.965172,0.360149
0.476,0.965632,0.356436
0.478,0.965632,0.355198
0.48,0.965632,0.350248
0.482,0.965632,0.344059
0.484,0.965632,0.340347
0.486,0.965632,0.337871
0.488,0.965632,0.335396
0.49,0.965632,0.334158
0.492,0.965632,0.331683
0.494,0.966094,0.324257
0.496,0.965847,0.321782
0.498,0.965847,0.319307
0.5,0.9656,0.315594
0.502,0.966292,0.313119
0.504,0.966292,0.309406
0.506,0.966292,0.305693
0.508,0.966045,0.30198
0.51,0.966045,0.300743
0.512,0.966276,0.300743
0.514,0.966507,0.29703
0.516,0.967201,0.294554
0.518,0.967201,0.290842
0.52,0.966954,0.288366
0.522,0.966707,0.282178
0.524,0.966211,0.279703
0.526,0.966211,0.27599
0.528,0.962292,0.27104
0.53,0.962038,0.268564
0.532,0.962038,0.268564
0.534,0.962019,0.264851
0.536,0.961765,0.259901
0.538,0.961765,0.256188
0.54,0.962,0.25495
0.542,0.962,0.253713
0.544,0.961727,0.25
0.546,0.961708,0.248762
0.548,0.961945,0.247525
0.55,0.961945,0.246287
0.552,0.961945,0.240099
0.554,0.962181,0.237624
0.556,0.962181,0.237624
0.558,0.962181,0.233911
0.56,0.962181,0.231436
0.562,0.962417,0.231436
0.564,0.962162,0.230198
0.566,0.961907,0.22896
0.568,0.961907,0.226485
0.57,0.961907,0.22401
0.572,0.961907,0.221535
0.574,0.961907,0.214109
0.576,0.961633,0.214109
0.578,0.961633,0.211634
0.58,0.961378,0.209158
0.582,0.961614,0.209158
0.584,0.961595,0.206683
0.586,0.96134,0.206683
0.588,0.96134,0.205446
0.59,0.961084,0.204208
0.592,0.960808,0.200495
0.594,0.960808,0.200495
0.596,0.960789,0.199257
0.598,0.961026,0.195545
0.6,0.961007,0.194307
0.602,0.961007,0.191832
0.604,0.96075,0.190594
0.606,0.96075,0.186881
0.608,0.960494,0.184406
0.61,0.960237,0.184406
0.612,0.960237,0.180693
0.614,0.95998,0.179455
0.616,0.95998,0.178218
0.618,0.95998,0.178218
0.62,0.959723,0.174505
0.622,0.959723,0.17203
0.624,0.959466,0.168317
0.626,0.959466,0.168317
0.628,0.958952,0.167079
0.63,0.958952,0.167079
0.632,0.958931,0.167079
0.634,0.958653,0.164604
0.636,0.958653,0.162129
0.638,0.958891,0.160891
0.64,0.958891,0.160891
0.642,0.95887,0.159653
0.644,0.95887,0.159653
0.646,0.958612,0.158416
0.648,0.958612,0.157178
0.65,0.958592,0.155941
0.652,0.958592,0.153465
0.654,0.958571,0.152228
0.656,0.958551,0.152228
0.658,0.95853,0.152228
0.66,0.958012,0.152228
0.662,0.958012,0.15099
0.664,0.958012,0.148515
0.666,0.958012,0.14604
0.668,0.958012,0.144802
0.67,0.957494,0.144802
0.672,0.957214,0.143564
0.674,0.957214,0.142327
0.676,0.956695,0.139851
0.678,0.955915,0.137376
0.68,0.955655,0.136139
0.682,0.955655,0.132426
0.684,0.955135,0.132426
0.686,0.955135,0.128713
0.688,0.954874,0.127475
0.69,0.954353,0.125
0.692,0.953831,0.122525
0.694,0.953308,0.121287
0.696,0.953047,0.121287
0.698,0.952785,0.117574
0.7,0.9525,0.116337
0.702,0.9525,0.113861
0.704,0.951976,0.111386
0.706,0.95169,0.106436
0.708,0.951427,0.102723
0.71,0.951427,0.101485
0.712,0.950902,0.101485
0.714,0.950639,0.09901
0.716,0.950113,0.097772
0.718,0.949586,0.094059
0.72,0.949561,0.094059
0.722,0.949297,0.092822
0.724,0.949536,0.089109
0.726,0.949272,0.086634
0.728,0.949272,0.082921
0.73,0.949272,0.081683
0.732,0.949008,0.081683
0.734,0.948744,0.080446
0.736,0.948718,0.079208
0.738,0.948428,0.07797
0.74,0.948163,0.076733
0.742,0.947342,0.076733
0.744,0.947342,0.076733
0.746,0.947077,0.076733
0.748,0.947315,0.074257
0.75,0.94705,0.071782
0.752,0.946519,0.070545
0.754,0.945721,0.069307
0.756,0.945455,0.066832
0.758,0.945455,0.065594
0.76,0.945427,0.065594
0.762,0.945638,0.064356
0.764,0.944838,0.063119
0.766,0.944304,0.059406
0.768,0.943234,0.059406
0.77,0.942161,0.059406
0.772,0.941356,0.059406
0.774,0.940818,0.059406
0.776,0.93971,0.059406
0.778,0.93917,0.058168
0.78,0.93836,0.055693
0.782,0.93836,0.055693
0.784,0.938089,0.055693
0.786,0.937277,0.054455
0.788,0.936463,0.054455
0.79,0.936192,0.053218
0.792,0.936192,0.053218
0.794,0.935583,0.053218
0.796,0.934766,0.053218
0.798,0.934733,0.05198
0.8,0.93446,0.05198
0.802,0.933368,0.05198
0.804,0.933368,0.050743
0.806,0.931451,0.049505
0.808,0.930352,0.049505
0.81,0.929802,0.048267
0.812,0.928148,0.04703
0.814,0.927835,0.044554
0.816,0.927559,0.043317
0.818,0.927282,0.043317
0.82,0.926452,0.043317
0.822,0.925897,0.039604
0.824,0.92562,0.038366
0.826,0.924509,0.038366
0.828,0.923952,0.035891
0.83,0.92228,0.033416
0.832,0.922199,0.033416
0.834,0.92164,0.033416
0.836,0.919958,0.033416
0.838,0.918187,0.030941
0.84,0.918187,0.030941
0.842,0.916775,0.030941
0.844,0.915883,0.029703
0.846,0.915316,0.029703
0.848,0.914749,0.028465
0.85,0.913613,0.028465
0.852,0.912474,0.027228
0.854,0.910761,0.027228
0.856,0.909903,0.027228
0.858,0.907032,0.027228
0.86,0.904963,0.02599
0.862,0.904385,0.02599
0.864,0.903516,0.024752
0.866,0.902646,0.023515
0.868,0.901431,0.022277
0.87,0.899682,0.022277
0.872,0.898165,0.019802
0.874,0.897579,0.018564
0.876,0.896699,0.016089
0.878,0.896644,0.014851
0.88,0.894582,0.013614
0.882,0.892513,0.012376
0.884,0.890139,0.011139
0.886,0.888948,0.011139
0.888,0.888054,0.011139
0.89,0.88596,0.009901
0.892,0.88476,0.009901
0.894,0.882956,0.009901
0.896,0.881145,0.009901
0.898,0.880238,0.009901
0.9,0.877811,0.008663
0.902,0.875984,0.008663
0.904,0.874388,0.008663
0.906,0.872242,0.007426
0.908,0.86947,0.007426
0.91,0.866685,0.006188
0.912,0.863574,0.006188
0.914,0.860759,0.00495
0.916,0.857301,0.00495
0.918,0.855088,0.00495
0.92,0.853503,0.00495
0.922,0.849361,0.00495
0.924,0.842929,0.00495
0.926,0.837405,0.00495
0.928,0.831169,0.00495
0.93,0.825865,0.00495
0.932,0.821855,0.00495
0.934,0.816467,0.00495
0.936,0.812733,0.00495
0.938,0.809318,0.00495
0.94,0.805884,0.00495
0.942,0.798607,0.00495
0.944,0.792299,0.00495
0.946,0.781995,0.00495
0.948,0.776957,0.00495
0.95,0.772242,0.00495
0.952,0.766389,0.003713
0.954,0.759736,0.003713
0.956,0.751508,0.003713
0.958,0.745835,0.003713
0.96,0.73742,0.003713
0.962,0.728892,0.003713
0.964,0.719059,0.003713
0.966,0.705441,0.003713
0.968,0.690702,0.003713
0.97,0.679847,0.003713
0.972,0.667525,0.003713
0.974,0.652344,0.003713
0.976,0.636364,0.003713
0.978,0.617696,0.003713
0.98,0.596134,0.003713
0.982,0.571921,0.002475
0.984,0.546859,0.001238
0.986,0.52669,0.001238
0.988,0.49345,0.001238
0.99,0.460967,0.001238
0.992,0.415008,0.001238
0.994,0.346645,0.001238
0.996,0.261965,0.0
0.998,0.151786,0.0
1.0,0.0,0.0
