row_index,label,tfidf_score,deberta_score,tfidf_prediction_0_5,deberta_prediction_0_5,tfidf_prediction_fpr_budget,deberta_prediction_fpr_budget,cascade_prediction,cascade_route
0,1,0.985760358,0.999991775,1,1,1,1,1,tfidf_direct_attack
1,1,0.859129331,0.999990344,1,1,1,1,1,deberta_fallback
2,1,0.686084197,0.999970198,1,1,1,1,1,deberta_fallback
3,1,0.997060855,0.999992371,1,1,1,1,1,tfidf_direct_attack
4,1,0.526589119,0.994588494,1,1,0,1,1,deberta_fallback
5,1,0.526589119,0.955890238,1,1,0,1,1,deberta_fallback
6,1,0.856876041,0.999991298,1,1,1,1,1,deberta_fallback
7,1,0.688794208,0.999907136,1,1,1,1,1,deberta_fallback
8,1,0.912768186,0.999991417,1,1,1,1,1,deberta_fallback
9,1,0.944645990,0.999960899,1,1,1,1,1,tfidf_direct_attack
10,1,0.827145885,0.999992847,1,1,1,1,1,deberta_fallback
11,1,0.858388305,0.999992132,1,1,1,1,1,deberta_fallback
12,1,0.893625601,0.999991894,1,1,1,1,1,deberta_fallback
13,1,0.853843737,0.999987364,1,1,1,1,1,deberta_fallback
14,1,0.998993667,0.999992251,1,1,1,1,1,tfidf_direct_attack
15,1,0.951497935,0.999993086,1,1,1,1,1,tfidf_direct_attack
16,1,0.526589119,0.978099525,1,1,0,1,1,deberta_fallback
17,1,0.966851263,0.999991655,1,1,1,1,1,tfidf_direct_attack
18,1,0.955202725,0.999991655,1,1,1,1,1,tfidf_direct_attack
19,1,0.575982059,0.999988079,1,1,0,1,1,deberta_fallback
20,1,0.526589119,0.989138424,1,1,0,1,1,deberta_fallback
21,1,0.955323383,0.999992609,1,1,1,1,1,tfidf_direct_attack
22,1,0.988179305,0.999991894,1,1,1,1,1,tfidf_direct_attack
23,1,0.998801642,0.999992609,1,1,1,1,1,tfidf_direct_attack
24,1,0.968042555,0.999991536,1,1,1,1,1,tfidf_direct_attack
25,1,0.623075567,0.998930752,1,1,0,1,1,deberta_fallback
26,1,0.975926134,0.999991059,1,1,1,1,1,tfidf_direct_attack
27,1,0.526589119,0.995988786,1,1,0,1,1,deberta_fallback
28,1,0.997581725,0.999991894,1,1,1,1,1,tfidf_direct_attack
29,1,0.853019578,0.999987960,1,1,1,1,1,deberta_fallback
30,1,0.768204363,0.999988794,1,1,1,1,1,deberta_fallback
31,1,0.981160453,0.999991179,1,1,1,1,1,tfidf_direct_attack
32,1,0.987752772,0.999991894,1,1,1,1,1,tfidf_direct_attack
33,1,0.807157247,0.999991536,1,1,1,1,1,deberta_fallback
34,1,0.526589119,0.998502851,1,1,0,1,1,deberta_fallback
35,1,0.993709198,0.999991894,1,1,1,1,1,tfidf_direct_attack
36,1,0.526589119,0.956642449,1,1,0,1,1,deberta_fallback
37,1,0.526589119,0.999290943,1,1,0,1,1,deberta_fallback
38,1,0.526589119,0.975061476,1,1,0,1,1,deberta_fallback
39,1,0.444624364,0.999987721,0,1,0,1,1,deberta_fallback
40,1,0.526589119,0.928367198,1,1,0,1,1,deberta_fallback
41,1,0.969900989,0.999992371,1,1,1,1,1,tfidf_direct_attack
42,1,0.526589119,0.975699186,1,1,0,1,1,deberta_fallback
43,1,0.988087741,0.999992132,1,1,1,1,1,tfidf_direct_attack
44,1,0.986123959,0.999990582,1,1,1,1,1,tfidf_direct_attack
45,1,0.966213714,0.999990582,1,1,1,1,1,tfidf_direct_attack
46,1,0.954964188,0.999992371,1,1,1,1,1,tfidf_direct_attack
47,1,0.944556692,0.999991894,1,1,1,1,1,tfidf_direct_attack
48,1,0.927117427,0.999934316,1,1,1,1,1,tfidf_direct_attack
49,1,0.950651703,0.999968529,1,1,1,1,1,tfidf_direct_attack
50,1,0.972047683,0.999992490,1,1,1,1,1,tfidf_direct_attack
51,1,0.987535003,0.999992132,1,1,1,1,1,tfidf_direct_attack
52,1,0.992263505,0.999992371,1,1,1,1,1,tfidf_direct_attack
53,1,0.951428527,0.999992251,1,1,1,1,1,tfidf_direct_attack
54,1,0.959204258,0.999992371,1,1,1,1,1,tfidf_direct_attack
55,1,0.958558120,0.999992967,1,1,1,1,1,tfidf_direct_attack
56,1,0.982101724,0.999992132,1,1,1,1,1,tfidf_direct_attack
57,1,0.992351611,0.999992847,1,1,1,1,1,tfidf_direct_attack
58,1,0.204446288,0.797586203,0,1,0,0,0,deberta_fallback
59,1,0.982526455,0.999991894,1,1,1,1,1,tfidf_direct_attack
60,1,0.997063285,0.999992490,1,1,1,1,1,tfidf_direct_attack
61,1,0.945294749,0.999984980,1,1,1,1,1,tfidf_direct_attack
62,1,0.506350387,0.999932528,1,1,0,1,1,deberta_fallback
63,1,0.915786992,0.999989986,1,1,1,1,1,deberta_fallback
64,1,0.992048825,0.999992132,1,1,1,1,1,tfidf_direct_attack
65,1,0.913615362,0.999991417,1,1,1,1,1,deberta_fallback
66,1,0.923959229,0.999991536,1,1,1,1,1,tfidf_direct_attack
67,1,0.914834369,0.999964237,1,1,1,1,1,deberta_fallback
68,1,0.990188266,0.999991536,1,1,1,1,1,tfidf_direct_attack
69,1,0.969008310,0.999990821,1,1,1,1,1,tfidf_direct_attack
70,1,0.741187744,0.999988794,1,1,1,1,1,deberta_fallback
71,1,0.656843094,0.999904871,1,1,1,1,1,deberta_fallback
72,1,0.991280998,0.999991775,1,1,1,1,1,tfidf_direct_attack
73,1,0.740768763,0.999988675,1,1,1,1,1,deberta_fallback
74,1,0.993604760,0.999991536,1,1,1,1,1,tfidf_direct_attack
75,1,0.526589119,0.991940796,1,1,0,1,1,deberta_fallback
76,1,0.967844604,0.999991775,1,1,1,1,1,tfidf_direct_attack
77,1,0.933249439,0.999951959,1,1,1,1,1,tfidf_direct_attack
78,1,0.655498697,0.999989748,1,1,1,1,1,deberta_fallback
79,1,0.579326934,0.995667458,1,1,0,1,1,deberta_fallback
80,1,0.995521302,0.999992251,1,1,1,1,1,tfidf_direct_attack
81,1,0.973102951,0.999992609,1,1,1,1,1,tfidf_direct_attack
82,1,0.963567867,0.999992609,1,1,1,1,1,tfidf_direct_attack
83,1,0.981884892,0.999992609,1,1,1,1,1,tfidf_direct_attack
84,1,0.997592058,0.999992371,1,1,1,1,1,tfidf_direct_attack
85,1,0.999651536,0.999992490,1,1,1,1,1,tfidf_direct_attack
86,1,0.982861964,0.999991298,1,1,1,1,1,tfidf_direct_attack
87,1,0.958042976,0.999991894,1,1,1,1,1,tfidf_direct_attack
88,1,0.818067656,0.999250114,1,1,1,1,1,deberta_fallback
89,1,0.526589119,0.980386436,1,1,0,1,1,deberta_fallback
90,1,0.996915554,0.999992490,1,1,1,1,1,tfidf_direct_attack
91,1,0.995586584,0.999992132,1,1,1,1,1,tfidf_direct_attack
92,1,0.866968707,0.999952435,1,1,1,1,1,deberta_fallback
93,1,0.968759086,0.999984503,1,1,1,1,1,tfidf_direct_attack
94,1,0.526589119,0.067223981,1,0,0,0,0,deberta_fallback
95,1,0.970174508,0.999990821,1,1,1,1,1,tfidf_direct_attack
96,1,0.988104228,0.999991894,1,1,1,1,1,tfidf_direct_attack
97,1,0.878732951,0.999982119,1,1,1,1,1,deberta_fallback
98,1,0.998487660,0.999991536,1,1,1,1,1,tfidf_direct_attack
99,1,0.997443589,0.999992728,1,1,1,1,1,tfidf_direct_attack
100,1,0.858555573,0.999992371,1,1,1,1,1,deberta_fallback
101,1,0.829600838,0.999991894,1,1,1,1,1,deberta_fallback
102,1,0.649631941,0.999992967,1,1,0,1,1,deberta_fallback
103,1,0.766284916,0.999954820,1,1,1,1,1,deberta_fallback
104,1,0.960156335,0.999991417,1,1,1,1,1,tfidf_direct_attack
105,1,0.526589119,0.992065847,1,1,0,1,1,deberta_fallback
106,1,0.526589119,0.999784648,1,1,0,1,1,deberta_fallback
107,1,0.526589119,0.995780110,1,1,0,1,1,deberta_fallback
108,1,0.526589119,0.995622337,1,1,0,1,1,deberta_fallback
109,1,0.930263268,0.999991655,1,1,1,1,1,tfidf_direct_attack
110,1,0.898843135,0.999991417,1,1,1,1,1,deberta_fallback
111,1,0.563737078,0.999992490,1,1,0,1,1,deberta_fallback
112,1,0.882333758,0.999992132,1,1,1,1,1,deberta_fallback
113,1,0.975115309,0.999991655,1,1,1,1,1,tfidf_direct_attack
114,1,0.905490367,0.999989629,1,1,1,1,1,deberta_fallback
115,1,0.897530103,0.999987960,1,1,1,1,1,deberta_fallback
116,1,0.961439504,0.999991536,1,1,1,1,1,tfidf_direct_attack
117,1,0.526589119,0.963178337,1,1,0,1,1,deberta_fallback
118,1,0.999239837,0.999992490,1,1,1,1,1,tfidf_direct_attack
119,1,0.526589119,0.989067256,1,1,0,1,1,deberta_fallback
120,1,0.714691292,0.999988079,1,1,1,1,1,deberta_fallback
121,1,0.759327122,0.999989867,1,1,1,1,1,deberta_fallback
122,1,0.941574836,0.999991655,1,1,1,1,1,tfidf_direct_attack
123,1,0.985762439,0.999992013,1,1,1,1,1,tfidf_direct_attack
124,1,0.924135038,0.999956965,1,1,1,1,1,tfidf_direct_attack
125,1,0.767047543,0.989073932,1,1,1,1,1,deberta_fallback
126,1,0.849043707,0.956509769,1,1,1,1,1,deberta_fallback
127,1,0.834426759,0.892415941,1,1,1,1,1,deberta_fallback
128,1,0.837761958,0.999991417,1,1,1,1,1,deberta_fallback
129,1,0.633643763,0.999850512,1,1,0,1,1,deberta_fallback
130,1,0.972278252,0.999992251,1,1,1,1,1,tfidf_direct_attack
131,1,0.967433488,0.999990582,1,1,1,1,1,tfidf_direct_attack
132,1,0.532669476,0.999991655,1,1,0,1,1,deberta_fallback
133,1,0.975773459,0.999990821,1,1,1,1,1,tfidf_direct_attack
134,1,0.526589119,0.957069755,1,1,0,1,1,deberta_fallback
135,1,0.884334313,0.999992609,1,1,1,1,1,deberta_fallback
136,1,0.966245744,0.999992371,1,1,1,1,1,tfidf_direct_attack
137,1,0.997889396,0.999991536,1,1,1,1,1,tfidf_direct_attack
138,1,0.979265691,0.999990702,1,1,1,1,1,tfidf_direct_attack
139,1,0.962777588,0.999990940,1,1,1,1,1,tfidf_direct_attack
140,1,0.951321677,0.999989629,1,1,1,1,1,tfidf_direct_attack
141,1,0.995794362,0.999992371,1,1,1,1,1,tfidf_direct_attack
142,1,0.995183550,0.999992609,1,1,1,1,1,tfidf_direct_attack
143,1,0.736041732,0.999989271,1,1,1,1,1,deberta_fallback
144,1,0.752018912,0.998572588,1,1,1,1,1,deberta_fallback
145,1,0.903250668,0.999991655,1,1,1,1,1,deberta_fallback
146,1,0.996801961,0.999991894,1,1,1,1,1,tfidf_direct_attack
147,1,0.978623425,0.999990106,1,1,1,1,1,tfidf_direct_attack
148,1,0.894270751,0.999992609,1,1,1,1,1,deberta_fallback
149,1,0.988407010,0.999992013,1,1,1,1,1,tfidf_direct_attack
150,1,0.998676759,0.999991894,1,1,1,1,1,tfidf_direct_attack
151,1,0.674722339,0.999982715,1,1,1,1,1,deberta_fallback
152,1,0.970055010,0.999992251,1,1,1,1,1,tfidf_direct_attack
153,1,0.980302620,0.999992251,1,1,1,1,1,tfidf_direct_attack
154,1,0.633116313,0.999961615,1,1,0,1,1,deberta_fallback
155,1,0.769677461,0.999777973,1,1,1,1,1,deberta_fallback
156,1,0.994111406,0.999991536,1,1,1,1,1,tfidf_direct_attack
157,1,0.993255834,0.999992251,1,1,1,1,1,tfidf_direct_attack
158,1,0.983401478,0.999992609,1,1,1,1,1,tfidf_direct_attack
159,1,0.994950625,0.999992609,1,1,1,1,1,tfidf_direct_attack
160,1,0.598088958,0.999983549,1,1,0,1,1,deberta_fallback
161,1,0.963148741,0.999991059,1,1,1,1,1,tfidf_direct_attack
162,1,0.999142801,0.999991536,1,1,1,1,1,tfidf_direct_attack
163,1,0.825741780,0.999992609,1,1,1,1,1,deberta_fallback
164,1,0.943255202,0.999992251,1,1,1,1,1,tfidf_direct_attack
165,1,0.897708986,0.999992609,1,1,1,1,1,deberta_fallback
166,1,0.906936319,0.999990225,1,1,1,1,1,deberta_fallback
167,1,0.811248634,0.999983668,1,1,1,1,1,deberta_fallback
168,1,0.904739007,0.999987721,1,1,1,1,1,deberta_fallback
169,1,0.982610163,0.999992847,1,1,1,1,1,tfidf_direct_attack
170,1,0.991436071,0.999991536,1,1,1,1,1,tfidf_direct_attack
171,1,0.997766766,0.999992728,1,1,1,1,1,tfidf_direct_attack
172,1,0.901423203,0.999989986,1,1,1,1,1,deberta_fallback
173,1,0.526589119,0.994811893,1,1,0,1,1,deberta_fallback
174,1,0.982751308,0.999983788,1,1,1,1,1,tfidf_direct_attack
175,1,0.543169941,0.999974966,1,1,0,1,1,deberta_fallback
176,1,0.526589119,0.652149618,1,1,0,0,0,deberta_fallback
177,1,0.998121378,0.999992847,1,1,1,1,1,tfidf_direct_attack
178,1,0.998594458,0.999992132,1,1,1,1,1,tfidf_direct_attack
179,1,0.526589119,0.861619532,1,1,0,0,0,deberta_fallback
180,1,0.926889438,0.999992490,1,1,1,1,1,tfidf_direct_attack
181,1,0.526589119,0.994199276,1,1,0,1,1,deberta_fallback
182,1,0.953827380,0.999989629,1,1,1,1,1,tfidf_direct_attack
183,1,0.924111020,0.999990344,1,1,1,1,1,tfidf_direct_attack
184,1,0.993266307,0.999992371,1,1,1,1,1,tfidf_direct_attack
185,1,0.990819966,0.999992371,1,1,1,1,1,tfidf_direct_attack
186,1,0.526589119,0.987813234,1,1,0,1,1,deberta_fallback
187,1,0.928072171,0.999992609,1,1,1,1,1,tfidf_direct_attack
188,1,0.829076724,0.999992728,1,1,1,1,1,deberta_fallback
189,1,0.991797388,0.999992490,1,1,1,1,1,tfidf_direct_attack
190,1,0.526589119,0.995870650,1,1,0,1,1,deberta_fallback
191,1,0.992026576,0.999992490,1,1,1,1,1,tfidf_direct_attack
192,1,0.431462901,0.999986887,0,1,0,1,1,deberta_fallback
193,1,0.944630329,0.999991417,1,1,1,1,1,tfidf_direct_attack
194,1,0.963023943,0.999991894,1,1,1,1,1,tfidf_direct_attack
195,1,0.526589119,0.994378865,1,1,0,1,1,deberta_fallback
196,1,0.997743289,0.999992132,1,1,1,1,1,tfidf_direct_attack
197,1,0.992537367,0.999988198,1,1,1,1,1,tfidf_direct_attack
198,1,0.631033089,0.999719322,1,1,0,1,1,deberta_fallback
199,1,0.995184943,0.999992609,1,1,1,1,1,tfidf_direct_attack
200,1,0.947729610,0.999992251,1,1,1,1,1,tfidf_direct_attack
201,1,0.987251036,0.999992609,1,1,1,1,1,tfidf_direct_attack
202,1,0.850636217,0.999991536,1,1,1,1,1,deberta_fallback
203,1,0.645763286,0.999936342,1,1,0,1,1,deberta_fallback
204,1,0.526589119,0.997395158,1,1,0,1,1,deberta_fallback
205,1,0.960868571,0.999992251,1,1,1,1,1,tfidf_direct_attack
206,1,0.986630673,0.999991894,1,1,1,1,1,tfidf_direct_attack
207,1,0.966596265,0.999992132,1,1,1,1,1,tfidf_direct_attack
208,1,0.384146024,0.998564780,0,1,0,1,1,deberta_fallback
209,1,0.858022150,0.999992132,1,1,1,1,1,deberta_fallback
210,1,0.880118840,0.999992609,1,1,1,1,1,deberta_fallback
211,1,0.526589119,0.995170891,1,1,0,1,1,deberta_fallback
212,1,0.993606500,0.999989748,1,1,1,1,1,tfidf_direct_attack
213,1,0.526589119,0.094808228,1,0,0,0,0,deberta_fallback
214,1,0.909999528,0.999991417,1,1,1,1,1,deberta_fallback
215,1,0.526589119,0.995489180,1,1,0,1,1,deberta_fallback
216,1,0.965042394,0.999992371,1,1,1,1,1,tfidf_direct_attack
217,1,0.795223321,0.999990463,1,1,1,1,1,deberta_fallback
218,1,0.526589119,0.996274829,1,1,0,1,1,deberta_fallback
219,1,0.987382969,0.999989271,1,1,1,1,1,tfidf_direct_attack
220,1,0.975361348,0.999991655,1,1,1,1,1,tfidf_direct_attack
221,1,0.909283495,0.999900699,1,1,1,1,1,deberta_fallback
222,1,0.819198206,0.999876022,1,1,1,1,1,deberta_fallback
223,1,0.944744903,0.999991179,1,1,1,1,1,tfidf_direct_attack
224,1,0.932994113,0.999992132,1,1,1,1,1,tfidf_direct_attack
225,1,0.669872857,0.999614477,1,1,1,1,1,deberta_fallback
226,1,0.810890078,0.999988079,1,1,1,1,1,deberta_fallback
227,1,0.867339922,0.999992132,1,1,1,1,1,deberta_fallback
228,1,0.981741716,0.999991655,1,1,1,1,1,tfidf_direct_attack
229,1,0.976171010,0.999992013,1,1,1,1,1,tfidf_direct_attack
230,1,0.999060866,0.999992609,1,1,1,1,1,tfidf_direct_attack
231,1,0.526589119,0.970835745,1,1,0,1,1,deberta_fallback
232,1,0.914255713,0.999991059,1,1,1,1,1,deberta_fallback
233,1,0.996658481,0.999992490,1,1,1,1,1,tfidf_direct_attack
234,1,0.832224460,0.999912977,1,1,1,1,1,deberta_fallback
235,1,0.989663468,0.999992490,1,1,1,1,1,tfidf_direct_attack
236,1,0.991734415,0.999992490,1,1,1,1,1,tfidf_direct_attack
237,1,0.987861387,0.999992609,1,1,1,1,1,tfidf_direct_attack
238,1,0.990303889,0.999992013,1,1,1,1,1,tfidf_direct_attack
239,1,0.737473917,0.999989867,1,1,1,1,1,deberta_fallback
240,1,0.972382833,0.999991179,1,1,1,1,1,tfidf_direct_attack
241,1,0.526589119,0.988849819,1,1,0,1,1,deberta_fallback
242,1,0.923603883,0.999992013,1,1,1,1,1,tfidf_direct_attack
243,1,0.992025405,0.999992371,1,1,1,1,1,tfidf_direct_attack
244,1,0.526589119,0.995055318,1,1,0,1,1,deberta_fallback
245,1,0.898850369,0.999979973,1,1,1,1,1,deberta_fallback
246,1,0.894911763,0.999946833,1,1,1,1,1,deberta_fallback
247,1,0.993209340,0.999992490,1,1,1,1,1,tfidf_direct_attack
248,1,0.977749537,0.999992847,1,1,1,1,1,tfidf_direct_attack
249,1,0.834488239,0.999947548,1,1,1,1,1,deberta_fallback
250,1,0.929313361,0.999933004,1,1,1,1,1,tfidf_direct_attack
251,1,0.828502036,0.999992609,1,1,1,1,1,deberta_fallback
252,1,0.993272447,0.999992371,1,1,1,1,1,tfidf_direct_attack
253,1,0.905284745,0.999992490,1,1,1,1,1,deberta_fallback
254,1,0.954091957,0.999992609,1,1,1,1,1,tfidf_direct_attack
255,1,0.996292002,0.999992847,1,1,1,1,1,tfidf_direct_attack
256,1,0.526589119,0.985571265,1,1,0,1,1,deberta_fallback
257,1,0.989744926,0.999991655,1,1,1,1,1,tfidf_direct_attack
258,1,0.860735767,0.999936819,1,1,1,1,1,deberta_fallback
259,1,0.994026354,0.999992251,1,1,1,1,1,tfidf_direct_attack
260,1,0.996861057,0.999992013,1,1,1,1,1,tfidf_direct_attack
261,1,0.882842210,0.999991894,1,1,1,1,1,deberta_fallback
262,1,0.526589119,0.998475373,1,1,0,1,1,deberta_fallback
263,1,0.980996783,0.999984741,1,1,1,1,1,tfidf_direct_attack
264,1,0.602602314,0.999916673,1,1,0,1,1,deberta_fallback
265,1,0.774827610,0.999990940,1,1,1,1,1,deberta_fallback
266,1,0.956764402,0.999991059,1,1,1,1,1,tfidf_direct_attack
267,1,0.695569615,0.999991655,1,1,1,1,1,deberta_fallback
268,1,0.692164594,0.999829650,1,1,1,1,1,deberta_fallback
269,1,0.963633798,0.999990940,1,1,1,1,1,tfidf_direct_attack
270,1,0.925092395,0.999991298,1,1,1,1,1,tfidf_direct_attack
271,1,0.857431882,0.999991298,1,1,1,1,1,deberta_fallback
272,1,0.995445920,0.999992490,1,1,1,1,1,tfidf_direct_attack
273,1,0.381944969,0.998159826,0,1,0,1,1,deberta_fallback
274,1,0.544732765,0.999948502,1,1,0,1,1,deberta_fallback
275,1,0.846363064,0.999642730,1,1,1,1,1,deberta_fallback
276,1,0.959026460,0.999992251,1,1,1,1,1,tfidf_direct_attack
277,1,0.460901114,0.999965072,0,1,0,1,1,deberta_fallback
278,1,0.389618270,0.999934673,0,1,0,1,1,deberta_fallback
279,1,0.787504866,0.999985099,1,1,1,1,1,deberta_fallback
280,1,0.980890248,0.999992132,1,1,1,1,1,tfidf_direct_attack
281,1,0.465942921,0.998248696,0,1,0,1,1,deberta_fallback
282,1,0.988582594,0.999992609,1,1,1,1,1,tfidf_direct_attack
283,1,0.985287798,0.999992490,1,1,1,1,1,tfidf_direct_attack
284,1,0.994659537,0.999992609,1,1,1,1,1,tfidf_direct_attack
285,1,0.998103641,0.999992728,1,1,1,1,1,tfidf_direct_attack
286,1,0.899550986,0.999991298,1,1,1,1,1,deberta_fallback
287,1,0.986302219,0.999991894,1,1,1,1,1,tfidf_direct_attack
288,1,0.766906233,0.999978781,1,1,1,1,1,deberta_fallback
289,1,0.526589119,0.989707232,1,1,0,1,1,deberta_fallback
290,1,0.964328658,0.999990582,1,1,1,1,1,tfidf_direct_attack
291,1,0.526589119,0.995241404,1,1,0,1,1,deberta_fallback
292,1,0.526589119,0.991156459,1,1,0,1,1,deberta_fallback
293,1,0.822048436,0.999992728,1,1,1,1,1,deberta_fallback
294,1,0.523429618,0.999990106,1,1,0,1,1,deberta_fallback
295,1,0.996684452,0.999991775,1,1,1,1,1,tfidf_direct_attack
296,1,0.993597265,0.999992371,1,1,1,1,1,tfidf_direct_attack
297,1,0.953086161,0.999991894,1,1,1,1,1,tfidf_direct_attack
298,1,0.997763606,0.999737680,1,1,1,1,1,tfidf_direct_attack
299,1,0.710020585,0.999956131,1,1,1,1,1,deberta_fallback
300,1,0.526589119,0.945205808,1,1,0,1,1,deberta_fallback
301,1,0.952950384,0.999991536,1,1,1,1,1,tfidf_direct_attack
302,1,0.929351575,0.999991298,1,1,1,1,1,tfidf_direct_attack
303,1,0.964935043,0.999992728,1,1,1,1,1,tfidf_direct_attack
304,1,0.992166394,0.999992847,1,1,1,1,1,tfidf_direct_attack
305,1,0.991495570,0.999992132,1,1,1,1,1,tfidf_direct_attack
306,1,0.998035310,0.999990702,1,1,1,1,1,tfidf_direct_attack
307,1,0.993670265,0.999992251,1,1,1,1,1,tfidf_direct_attack
308,1,0.991809004,0.999991894,1,1,1,1,1,tfidf_direct_attack
309,1,0.982651518,0.999992967,1,1,1,1,1,tfidf_direct_attack
310,1,0.917063289,0.999989629,1,1,1,1,1,deberta_fallback
311,1,0.957028530,0.999991536,1,1,1,1,1,tfidf_direct_attack
312,1,0.885377525,0.999992132,1,1,1,1,1,deberta_fallback
313,1,0.993087675,0.999991655,1,1,1,1,1,tfidf_direct_attack
314,1,0.963324916,0.999990821,1,1,1,1,1,tfidf_direct_attack
315,1,0.925911764,0.999991775,1,1,1,1,1,tfidf_direct_attack
316,1,0.986612760,0.999992371,1,1,1,1,1,tfidf_direct_attack
317,1,0.976837843,0.999992371,1,1,1,1,1,tfidf_direct_attack
318,1,0.494947497,0.999989510,0,1,0,1,1,deberta_fallback
319,1,0.918740844,0.999990225,1,1,1,1,1,tfidf_direct_attack
320,1,0.996256069,0.999992132,1,1,1,1,1,tfidf_direct_attack
321,1,0.909525229,0.999987006,1,1,1,1,1,deberta_fallback
322,1,0.925396252,0.999974132,1,1,1,1,1,tfidf_direct_attack
323,1,0.733656572,0.996610582,1,1,1,1,1,deberta_fallback
324,1,0.526589119,0.995610535,1,1,0,1,1,deberta_fallback
325,1,0.942896218,0.999991298,1,1,1,1,1,tfidf_direct_attack
326,1,0.526589119,0.963368118,1,1,0,1,1,deberta_fallback
327,1,0.969840624,0.999992371,1,1,1,1,1,tfidf_direct_attack
328,1,0.854272140,0.999977589,1,1,1,1,1,deberta_fallback
329,1,0.835056162,0.999986410,1,1,1,1,1,deberta_fallback
330,1,0.985321735,0.999991059,1,1,1,1,1,tfidf_direct_attack
331,1,0.951731323,0.999991536,1,1,1,1,1,tfidf_direct_attack
332,1,0.994687576,0.999992371,1,1,1,1,1,tfidf_direct_attack
333,1,0.947867752,0.999992251,1,1,1,1,1,tfidf_direct_attack
334,1,0.857234820,0.999973297,1,1,1,1,1,deberta_fallback
335,1,0.368178148,0.995059788,0,1,0,1,1,deberta_fallback
336,1,0.942461798,0.999991894,1,1,1,1,1,tfidf_direct_attack
337,1,0.979686566,0.999993086,1,1,1,1,1,tfidf_direct_attack
338,1,0.526589119,0.925153553,1,1,0,1,1,deberta_fallback
339,1,0.724021293,0.999991775,1,1,1,1,1,deberta_fallback
340,1,0.988601867,0.999992371,1,1,1,1,1,tfidf_direct_attack
341,1,0.853362977,0.999912381,1,1,1,1,1,deberta_fallback
342,1,0.946768744,0.999991655,1,1,1,1,1,tfidf_direct_attack
343,1,0.997733867,0.999992371,1,1,1,1,1,tfidf_direct_attack
344,1,0.998510398,0.999992132,1,1,1,1,1,tfidf_direct_attack
345,1,0.899266572,0.999992847,1,1,1,1,1,deberta_fallback
346,1,0.987463166,0.999990463,1,1,1,1,1,tfidf_direct_attack
347,1,0.917863469,0.999971151,1,1,1,1,1,tfidf_direct_attack
348,1,0.990724153,0.999991059,1,1,1,1,1,tfidf_direct_attack
349,1,0.762753282,0.999992371,1,1,1,1,1,deberta_fallback
350,1,0.979204416,0.999992490,1,1,1,1,1,tfidf_direct_attack
351,1,0.682711333,0.998994172,1,1,1,1,1,deberta_fallback
352,1,0.526589119,0.994557738,1,1,0,1,1,deberta_fallback
353,1,0.526589119,0.991866171,1,1,0,1,1,deberta_fallback
354,1,0.870442739,0.999980450,1,1,1,1,1,deberta_fallback
355,1,0.994996235,0.999992609,1,1,1,1,1,tfidf_direct_attack
356,1,0.997623887,0.999992490,1,1,1,1,1,tfidf_direct_attack
357,1,0.997140486,0.999992371,1,1,1,1,1,tfidf_direct_attack
358,1,0.977974313,0.999991298,1,1,1,1,1,tfidf_direct_attack
359,1,0.892975158,0.999992132,1,1,1,1,1,deberta_fallback
360,1,0.859738245,0.999991536,1,1,1,1,1,deberta_fallback
361,1,0.993781733,0.999992847,1,1,1,1,1,tfidf_direct_attack
362,1,0.857356699,0.999961972,1,1,1,1,1,deberta_fallback
363,1,0.931783988,0.999992490,1,1,1,1,1,tfidf_direct_attack
364,1,0.463111424,0.069057226,0,0,0,0,0,deberta_fallback
365,1,0.993314496,0.999990821,1,1,1,1,1,tfidf_direct_attack
366,1,0.919465368,0.999990940,1,1,1,1,1,tfidf_direct_attack
367,1,0.992383998,0.999991775,1,1,1,1,1,tfidf_direct_attack
368,1,0.998620468,0.999992371,1,1,1,1,1,tfidf_direct_attack
369,1,0.996014821,0.999991775,1,1,1,1,1,tfidf_direct_attack
370,1,0.933696439,0.999992132,1,1,1,1,1,tfidf_direct_attack
371,1,0.989103664,0.999992371,1,1,1,1,1,tfidf_direct_attack
372,1,0.982380872,0.999991775,1,1,1,1,1,tfidf_direct_attack
373,1,0.704923468,0.999982357,1,1,1,1,1,deberta_fallback
374,1,0.543330127,0.999240875,1,1,0,1,1,deberta_fallback
375,1,0.973513089,0.999991417,1,1,1,1,1,tfidf_direct_attack
376,1,0.947071227,0.999991775,1,1,1,1,1,tfidf_direct_attack
377,1,0.971114885,0.999992013,1,1,1,1,1,tfidf_direct_attack
378,1,0.526589119,0.999176085,1,1,0,1,1,deberta_fallback
379,1,0.988869543,0.999992013,1,1,1,1,1,tfidf_direct_attack
380,1,0.731321113,0.999630570,1,1,1,1,1,deberta_fallback
381,1,0.734290003,0.999808848,1,1,1,1,1,deberta_fallback
382,1,0.690629944,0.002260354,1,0,1,0,0,deberta_fallback
383,1,0.527947183,0.986636341,1,1,0,1,1,deberta_fallback
384,1,0.965345963,0.999992132,1,1,1,1,1,tfidf_direct_attack
385,1,0.317700750,0.993499398,0,1,0,1,1,deberta_fallback
386,1,0.998563928,0.999992013,1,1,1,1,1,tfidf_direct_attack
387,1,0.971213941,0.999992490,1,1,1,1,1,tfidf_direct_attack
388,1,0.526589119,0.994747579,1,1,0,1,1,deberta_fallback
389,1,0.982542900,0.999991298,1,1,1,1,1,tfidf_direct_attack
390,1,0.999077397,0.999992251,1,1,1,1,1,tfidf_direct_attack
391,1,0.671394060,0.997435510,1,1,1,1,1,deberta_fallback
392,1,0.933478656,0.999991775,1,1,1,1,1,tfidf_direct_attack
393,1,0.962661307,0.999992132,1,1,1,1,1,tfidf_direct_attack
394,1,0.955584324,0.999992013,1,1,1,1,1,tfidf_direct_attack
395,1,0.986054605,0.999992013,1,1,1,1,1,tfidf_direct_attack
396,1,0.182231332,0.999835610,0,1,0,1,1,deberta_fallback
397,1,0.979218169,0.999991894,1,1,1,1,1,tfidf_direct_attack
398,1,0.526589119,0.999404073,1,1,0,1,1,deberta_fallback
399,1,0.590888952,0.999764025,1,1,0,1,1,deberta_fallback
400,1,0.909006469,0.999989033,1,1,1,1,1,deberta_fallback
401,1,0.997949106,0.999992728,1,1,1,1,1,tfidf_direct_attack
402,1,0.998762248,0.999992251,1,1,1,1,1,tfidf_direct_attack
403,1,0.668565001,0.999992251,1,1,1,1,1,deberta_fallback
404,1,0.990398642,0.999992132,1,1,1,1,1,tfidf_direct_attack
