parent_seed_id,source,file,text_sha256
hb_lmsys_0000018,lmsys,eval_subsets/hard_benign_test.csv,75da3426b366e4532507aedc71b8ee09a92d052f0e41f50839cc6b5c93e355b3
hb_lmsys_0000031,lmsys,eval_subsets/hard_benign_test.csv,a7bea2fa7a9b54b43f73fce600c74b39b4195f6ae6f2f66482d1f0b0ee653e68
hb_lmsys_0000035,lmsys,eval_subsets/hard_benign_test.csv,49383defc97d350d7045b9dbaa18267c7f1af2630637fe813e4b7fb525befa69
hb_lmsys_0000051,lmsys,eval_subsets/hard_benign_test.csv,897f7842f6be866746c00fca0f4c1eedd3d73046eb7a40463c489847c049d613
hb_lmsys_0000052,lmsys,eval_subsets/hard_benign_test.csv,046b43dd9f23d6a3a30c5cb3766fd7ccb5edb45f2ff6279f207c881f20ec25fd
hb_lmsys_0000078,lmsys,eval_subsets/hard_benign_test.csv,be3f51c11d90a0da468636965ba20cf07d752d972025b7ea9ecb8080e132d28a
hb_lmsys_0000085,lmsys,eval_subsets/hard_benign_test.csv,d8022f94df4c565e154116651a374dd7e77cab5a04297938f79c149d64dfde48
hb_lmsys_0000099,lmsys,eval_subsets/hard_benign_test.csv,c731877ca427bb710d7c1510f3fc004a3848deaf7e5a72a3af324799c0d63f6f
hb_lmsys_0000103,lmsys,eval_subsets/hard_benign_test.csv,7f26e659fbdfdb3d4b52f00ddad3dbc9058e33070560ea28a419c0cf1834d560
hb_lmsys_0000105,lmsys,eval_subsets/hard_benign_test.csv,f1fc613f4886b0f2ca4355fa69c0efbaee8bc656ce3505a4b91ad6022f8958a9
hb_lmsys_0000108,lmsys,eval_subsets/hard_benign_test.csv,e5848fa985ad8e2a33d7b9cfb59e2ece973ab648780d045440663fa8c5c3cc03
hb_lmsys_0000133,lmsys,eval_subsets/hard_benign_test.csv,b437cc2a7891cd04b515f97d3388c816e31714e50d230c205f864432b307c00a
hb_lmsys_0000136,lmsys,eval_subsets/hard_benign_test.csv,ccea41f19639871020a1478bae46e043053166d99eb822cdee4594c39a2747b9
hb_lmsys_0000142,lmsys,eval_subsets/hard_benign_test.csv,b921c0729fc02c4373663ab3f1ae92807fb93abe8e12417df6dadaef40627ca8
hb_lmsys_0000149,lmsys,eval_subsets/hard_benign_test.csv,61908ba853053b2dbfdc8ddfc16b92d0f7ba0cd55d9bba1cd091c604445befd2
hb_lmsys_0000152,lmsys,eval_subsets/hard_benign_test.csv,b1fdf58f418652782210767fa3997637e4ce17b236d1d72c54a2ac43fe97cf8b
hb_lmsys_0000157,lmsys,eval_subsets/hard_benign_test.csv,1b4192a0baf372e749d9ba92330202c1f9b74f5b41db547af6036c7bf5946a5e
hb_lmsys_0000177,lmsys,eval_subsets/hard_benign_test.csv,afbea5930f5c16cd04e6e65542b7716a8cfe48bfa558b2ca6a13a9028e6c2eb5
hb_lmsys_0000211,lmsys,eval_subsets/hard_benign_test.csv,d557f8f7c90e3d531142ab6d85eb44e7b49099f437edc048eaa029958b8bde73
hb_lmsys_0000220,lmsys,eval_subsets/hard_benign_test.csv,dbac5719f2802e6cc25c4e22a67ed84591e4bc6cd6c8a512900e28cf819e193e
hb_lmsys_0000228,lmsys,eval_subsets/hard_benign_test.csv,a67866f3101f0568361b05badc7143edf4fb0632b87b517f33daa7d868e20bcd
hb_lmsys_0000231,lmsys,eval_subsets/hard_benign_test.csv,5136aa9e5cc348c7042076857b605293d63e5262d3eea14e7b764c681bbd1c06
hb_lmsys_0000249,lmsys,eval_subsets/hard_benign_test.csv,c27aaff5d716a7a03616e4f9340e6b0dfd66d06cbdeda38def498fa1d3e8c6d5
hb_lmsys_0000252,lmsys,eval_subsets/hard_benign_test.csv,4868396a5b62fd22d5ab560726dae9150dd3607f85fec8f2c87d094d8223d9ac
hb_lmsys_0000277,lmsys,eval_subsets/hard_benign_test.csv,ce35d6730aea0983f5bb8c4f25ea6fd62359842f72099a13eed797aa792f2b8f
hb_lmsys_0000281,lmsys,eval_subsets/hard_benign_test.csv,da0edba7860a23868af5e9608faec084c7c27b428ab3772a25aa0978a21438d9
hb_lmsys_0000338,lmsys,eval_subsets/hard_benign_test.csv,1abd167cf7f7654ee16d30422a4a91d12fa37d732d5cb792c7564ee5dca0fe79
hb_lmsys_0000344,lmsys,eval_subsets/hard_benign_test.csv,bb617298afe72795858bd6b730f69ce6cede5d2104bb0f5254fa93f59755d797
hb_lmsys_0000349,lmsys,eval_subsets/hard_benign_test.csv,cd23e69879aeba13a6817796f38a4e8c9a325cb1e272bac39089a77baf2f79fb
hb_lmsys_0000350,lmsys,eval_subsets/hard_benign_test.csv,519a536f3a9682a8b52ca304b2b8b5e2318ab01aa0c0a1bb42d2224ff06ed58c
hb_lmsys_0000357,lmsys,eval_subsets/hard_benign_test.csv,3261377153d1a2e48e5157a70b3e068737ec52b08f514720b7117694d7eb094d
hb_lmsys_0000381,lmsys,eval_subsets/hard_benign_test.csv,c04228b2a036ae0506e315e92bb7189f7fe23471b399441b56cfb1115b3609e3
hb_lmsys_0000382,lmsys,eval_subsets/hard_benign_test.csv,0f29ac01b58f60f8b4a3bd598da1e6b23e03a67fedec490b8035b779d4e68ede
hb_lmsys_0000383,lmsys,eval_subsets/hard_benign_test.csv,95c510e2579a0d9579382f15fcaac15dbe954cc3e59e24f7c2e9bd8eb33ff9ef
hb_lmsys_0000386,lmsys,eval_subsets/hard_benign_test.csv,69afcae0b4d32d7c3812f3b974239fbbd4926be8a01d92abbc659742e7c702cd
hb_lmsys_0000390,lmsys,eval_subsets/hard_benign_test.csv,6940260be89bb443844dbf8208e5ffd5fcf9b0b70bb4ca29c835aa14e478d078
hb_lmsys_0000400,lmsys,eval_subsets/hard_benign_test.csv,cd092e0a001f16311b68cc078d4da707e4d3f0a76798e1c516149b7092b649d3
hb_lmsys_0000411,lmsys,eval_subsets/hard_benign_test.csv,0077b66fb36b9f34dd7efb0feb91572ba2ec64f70abe8ed134e753ad63b33bf2
hb_lmsys_0000433,lmsys,eval_subsets/hard_benign_test.csv,701492fd7b6bd8885c66474f8f6acc89d1048223a0d70d46a6a163c6b411d0a1
hb_lmsys_0000449,lmsys,eval_subsets/hard_benign_test.csv,3beae4ff62f6f572c33a0ef94ce361a210d3887c9d41e32fea93c0457a29a274
hb_lmsys_0000460,lmsys,eval_subsets/hard_benign_test.csv,bd97b5fe0be4e5cb82f696f69089436039b4e95492d9bd26dabb9da643f37368
hb_lmsys_0000462,lmsys,eval_subsets/hard_benign_test.csv,07f14f499cf8d183647d00a0a117a36ccbf3e9f3fefeba290df609008a6b090f
hb_lmsys_0000484,lmsys,eval_subsets/hard_benign_test.csv,94bc71f983cbff0d623bd2625471673975a9cc5acf51202d186bf0db7ad58691
hb_lmsys_0000485,lmsys,eval_subsets/hard_benign_test.csv,1a2308c6d99044ed421a1bc83d35225ebf4ac31b4c842bf42384986f946c4128
hb_lmsys_0000527,lmsys,eval_subsets/hard_benign_test.csv,5b7811109585ee92249239dd827ed7d5efce88c1e9b653f4522a0eda7f151156
hb_lmsys_0000532,lmsys,eval_subsets/hard_benign_test.csv,e3947bbdda4edddd3a8cf663fdf478adc45476dcfd7dd5c393d846f3201ed1f5
hb_lmsys_0000535,lmsys,eval_subsets/hard_benign_test.csv,792057070b0c724a24e176874aacd4a50d03a2e1642ab3069ed22a6e0a4d7d84
hb_lmsys_0000546,lmsys,eval_subsets/hard_benign_test.csv,b106e8c85dd64696496b106a34ec8228ed1b42691a893d6cb4c36ecc178cfa1d
hb_lmsys_0000550,lmsys,eval_subsets/hard_benign_test.csv,5fe8a0bdfe687d3471a56d0d1433e57fe340059208fd4d143f8c6407927b7afa
hb_lmsys_0000561,lmsys,eval_subsets/hard_benign_test.csv,2ba9edd80eff849295bb75c80151f1d082ae9c755330e5b67da0a32bf73d2410
hb_lmsys_0000575,lmsys,eval_subsets/hard_benign_test.csv,922640493daf91cce847735e07a46b415df61b2196781a0008f4dd407809240f
hb_lmsys_0000587,lmsys,eval_subsets/hard_benign_test.csv,64178619a5b9db23132f169f5860632827fe9f51280e24d048e2a2277cb8e913
hb_lmsys_0000600,lmsys,eval_subsets/hard_benign_test.csv,83bd9c07f146626a703bd3b11e5f870e86f08df9cc605ccbb2c3fcf3b4652652
hb_lmsys_0000601,lmsys,eval_subsets/hard_benign_test.csv,1b647b46bdc6075a79dc9e4955d260ba989581de171529ae582c70eeb2abc7f8
hb_lmsys_0000631,lmsys,eval_subsets/hard_benign_test.csv,f2fe83b368bed68ef6624d8e3173eef85462c4a03e13084c85ff656e6e49a1cf
hb_lmsys_0000634,lmsys,eval_subsets/hard_benign_test.csv,912eec7501b67aa651dfe1278363bbe5161d4ea68a5e2d9c6669c863c1236abc
hb_lmsys_0000637,lmsys,eval_subsets/hard_benign_test.csv,52f9a363226de7285d4706638f6afe8777c895939332dda3d00ca4cf24fd5e4c
hb_lmsys_0000653,lmsys,eval_subsets/hard_benign_test.csv,e752c990aea6878f647cdfe9c3edf3f9e6342c76ee6ef1d2dc8e63332da55a66
hb_lmsys_0000654,lmsys,eval_subsets/hard_benign_test.csv,ec9cc8a0dc4d35442b77fe0023f6e264e486ce485d9d1257815cdca2d9d60a54
hb_lmsys_0000665,lmsys,eval_subsets/hard_benign_test.csv,4c08bdeb79de797967b458173c976d3a652e2a9b3fcdaef398aa2ecaaba87526
hb_lmsys_0000666,lmsys,eval_subsets/hard_benign_test.csv,ec84fe0f692110b31a1a6b7233224f927a1dbb4ab3fd4e7f769216e03fb4d16f
hb_lmsys_0000671,lmsys,eval_subsets/hard_benign_test.csv,4e18297af63f76d5affd991d252ec37dd1e0a2022e139ae41c1eb933d1610dc1
hb_lmsys_0000678,lmsys,eval_subsets/hard_benign_test.csv,480e51b3833caf0a95151ea7fdcc80e7c9cae2efa07bb5e702c519bac99acda0
hb_lmsys_0000680,lmsys,eval_subsets/hard_benign_test.csv,927b79c3be67bdc6e8e363681b448cdfa8f2de672a02b2baeff26e8d60608452
hb_lmsys_0000691,lmsys,eval_subsets/hard_benign_test.csv,7376a2be43cde06c77de2089a2f9bf4d9eb38d2694e0578c7dbdab6da049ebfd
hb_lmsys_0000694,lmsys,eval_subsets/hard_benign_test.csv,e534ab4173f706949ff284769f1c5f5b65fb3071c3611bc69ff960c79f797513
hb_lmsys_0000700,lmsys,eval_subsets/hard_benign_test.csv,d09932d5678e6bc00c09c9635bab33245e0337b44b3a90ac8056e67bce1afd77
hb_lmsys_0000706,lmsys,eval_subsets/hard_benign_test.csv,b6bef6783864aa11223204e980f52014ee5025e20f06dc1f36f21792d55cc522
hb_lmsys_0000709,lmsys,eval_subsets/hard_benign_test.csv,2aeb5d0c9347cf32db36a2d346c534e2376a229cfb182bee33789391b3cff13d
hb_lmsys_0000728,lmsys,eval_subsets/hard_benign_test.csv,fdc23be9c0e7560ce9643bba9f6fe73f22132704d768d2b366e55d9e932f7e71
hb_lmsys_0000737,lmsys,eval_subsets/hard_benign_test.csv,820927e4885510d99aea4909656858a3a70c80bccdda1710700ca7ed67bf2c6e
hb_lmsys_0000740,lmsys,eval_subsets/hard_benign_test.csv,d776c91d6131637d5e5b034cbddf565b5519efec0ac72207fe008f0b17182a86
hb_lmsys_0000748,lmsys,eval_subsets/hard_benign_test.csv,15ea9d85d0b94ef175d2bbe4c33c75ec60469996c327b28fe9aec4b10b3c437e
hb_lmsys_0000750,lmsys,eval_subsets/hard_benign_test.csv,8f875fdab01febc1189314eba231b4f69b5ff1dc6598e57a7cebf87bb1bafa10
hb_lmsys_0000758,lmsys,eval_subsets/hard_benign_test.csv,07ce7e956b9e807a98035dfafb703039cd87895135ff772584d83ab3860feecf
hb_lmsys_0000762,lmsys,eval_subsets/hard_benign_test.csv,d83f1922752ebaa19be74e9cc18aa00ccace195c967429210b761462b43232f8
hb_lmsys_0000765,lmsys,eval_subsets/hard_benign_test.csv,f26d1e9a97fcd5290375d6797c017e3658d2bd7055bdd0d11291f06a5e449baa
hb_lmsys_0000771,lmsys,eval_subsets/hard_benign_test.csv,7bc9fd759cbbd3a0ed83c7b3db4a5e050f935e003ce5e3a425eeab8924e86de1
hb_lmsys_0000772,lmsys,eval_subsets/hard_benign_test.csv,e10a283c97d12adb9f09fe272b788b716134371f85fa4f85e991f7547126727d
hb_lmsys_0000778,lmsys,eval_subsets/hard_benign_test.csv,8a093ad587428c88b6b8d00cf976e1ed4b0fad7a35df7c66ff596e5c3cf1dde8
hb_lmsys_0000827,lmsys,eval_subsets/hard_benign_test.csv,6da9845e180318b8e80ab863a2b6927cf45437a458f5f8c91e509793182b6702
hb_lmsys_0000836,lmsys,eval_subsets/hard_benign_test.csv,774a84aa77f20d3b91b697e24affdb5afce3f540b92b5352554f8b905f66c78e
hb_lmsys_0000866,lmsys,eval_subsets/hard_benign_test.csv,bbbb5b8c035bb10109108d0892525d56a216ddc7faf669ce0b9014d94dce0864
hb_lmsys_0000962,lmsys,eval_subsets/hard_benign_test.csv,3e43f4cb8fae3590d02791201edb613bb516f19c5f30b668285a0b8851599108
hb_lmsys_0000967,lmsys,eval_subsets/hard_benign_test.csv,46789f89c25b2e433cae0dec125f9647d840268cd05815184a43109a684a86d6
hb_lmsys_0000978,lmsys,eval_subsets/hard_benign_test.csv,2fd1165a71e27b1efd5ddf03aa961020166d6e21daf64451743dc3f99232e90a
hb_lmsys_0000990,lmsys,eval_subsets/hard_benign_test.csv,5c6ae90b53cb932dc14f35d96f2b615de39322796af833d9958ea1117305ed4c
hb_lmsys_0001005,lmsys,eval_subsets/hard_benign_test.csv,866f044f8c82094cdcef62507389b233e73ddedc0032af4c2758a78778a595cb
hb_lmsys_0001016,lmsys,eval_subsets/hard_benign_test.csv,43065fbd7bac3a905141be7db9c2d4155edace94c76e2ff53129536855bcb47c
hb_lmsys_0001020,lmsys,eval_subsets/hard_benign_test.csv,1022b7399071901123fd07846543785d342212cea555d1a9cb493253f387a195
hb_lmsys_0001024,lmsys,eval_subsets/hard_benign_test.csv,ffabfce0766998ed8fc77fa8a44ae3a6a3fd26f66ca7ca67f5dcffcca7a9983f
hb_lmsys_0001059,lmsys,eval_subsets/hard_benign_test.csv,980bd82a6884f14bdf42635ab3658274b133b22c87f59b097da310406fe402ce
hb_lmsys_0001066,lmsys,eval_subsets/hard_benign_test.csv,bd19537d4f33509242daa92167a81f8c573d3c928ec4ea853e04607ce7f1833f
hb_lmsys_0001072,lmsys,eval_subsets/hard_benign_test.csv,42b28cd5e471169d322e3936f875e86362a1a076647807dd7833b1af5bf329b7
hb_lmsys_0001074,lmsys,eval_subsets/hard_benign_test.csv,66779c5f91c3cb01328418fa79da314e4a60f8cb463b5b43f032d1b813c5e3c1
hb_lmsys_0001098,lmsys,eval_subsets/hard_benign_test.csv,aeb32fe586a68a937866523e3ba69534dd26460661e267253b02615d7a13cc70
hb_lmsys_0001116,lmsys,eval_subsets/hard_benign_test.csv,897697429c3c33ee19af4c593b927caf847d68543d28b64a34688ed26f41b38b
hb_lmsys_0001118,lmsys,eval_subsets/hard_benign_test.csv,ada52f3e91651383f53e0be355c712ccd587f54429800250e89fffbc37acc8ee
hb_lmsys_0001121,lmsys,eval_subsets/hard_benign_test.csv,4f6282356b3a2aa57327c500139d6e7a4d37d308e0177aa6da99a423e24c54df
hb_lmsys_0001137,lmsys,eval_subsets/hard_benign_test.csv,d29ba8f35dc103288972160c8c3b505835ada37169c2091cc9f5075e7d4743a2
hb_lmsys_0001154,lmsys,eval_subsets/hard_benign_test.csv,26535bd35442bc7fd62d8f1ec7b9492fab44a3047e1d5730d3403d5c3384cfef
hb_lmsys_0001163,lmsys,eval_subsets/hard_benign_test.csv,bc3a611094515026d6822ef3cf309e4c1d79f26161c553fa26d103877aec5da8
hb_lmsys_0001170,lmsys,eval_subsets/hard_benign_test.csv,cf4ee3d4551ea9590f2b72b939f8dc6a1c66b1fe56092afaafe32bc23392bf78
hb_lmsys_0001185,lmsys,eval_subsets/hard_benign_test.csv,0882eacd1e0906f90b0d9bb7ddc6ac44fe076f54d1a04d4bf4e8aa6b8266177c
hb_lmsys_0001222,lmsys,eval_subsets/hard_benign_test.csv,1f375d05e4aaa7b368f25dc76ba72b22a39168407a9570d086ea551eafeed8a2
hb_lmsys_0001236,lmsys,eval_subsets/hard_benign_test.csv,28c5d9aa25ccf933b1d5263a793a4da1ff6092dc3d1226ef8db451cccce3f48a
hb_lmsys_0001241,lmsys,eval_subsets/hard_benign_test.csv,1df8bff60d8a5b8840de67dcb16dd20e06f99fbd9fe55f49be973f08cc0591b5
hb_lmsys_0001265,lmsys,eval_subsets/hard_benign_test.csv,22f45044362d64bf138bfe22f19e868d1f2d65f8413828da8ef6ce0e90e12ec9
hb_lmsys_0001278,lmsys,eval_subsets/hard_benign_test.csv,068280218c0b1f91e3f6f70834bddc709ef067f02a296c73ae7b8154d35cb40a
hb_lmsys_0001286,lmsys,eval_subsets/hard_benign_test.csv,7aa5685ab470b25789b6e39bfe4a4465c3b1d6b5be98758005de7a9f66857569
hb_lmsys_0001290,lmsys,eval_subsets/hard_benign_test.csv,7d9a8717ac88adf1e3901698e619334f505844d8e62a363b27bbc51c5778d3bb
hb_lmsys_0001319,lmsys,eval_subsets/hard_benign_test.csv,2a30acb9f0aee8860e5bd96ef3a0763594825e7a9f02a38b30a32b0b4030a7c8
hb_lmsys_0001325,lmsys,eval_subsets/hard_benign_test.csv,ea442a202fb1c8754365040927790e17be27ac09963adfc7735dc08063baffd4
hb_lmsys_0001397,lmsys,eval_subsets/hard_benign_test.csv,10c422f78e919848c045d150be792b770e814621ef166a58b3e84902364eb633
hb_lmsys_0001409,lmsys,eval_subsets/hard_benign_test.csv,4b8254813a935617487394b129b8f59d03c05b8bbd5fdaeaca0e74ea5922184b
hb_lmsys_0001427,lmsys,eval_subsets/hard_benign_test.csv,77c3cfc9760d714f57277473fca7af0f530b189dbe230b13f9ed635471b2a814
hb_lmsys_0001439,lmsys,eval_subsets/hard_benign_test.csv,be1a2a4273d64f4f24e63629e41b959dd3f353e28c2d93912a350481dccd4571
hb_lmsys_0001441,lmsys,eval_subsets/hard_benign_test.csv,edead175ef56ad16a977140502dffe5ee42ef88128930d26c98e6c2ae97d418c
hb_lmsys_0001442,lmsys,eval_subsets/hard_benign_test.csv,fb5eeff56f87bc336d416962e9a43fc4f0cd86e1b716921a44c5a57a94e9110b
hb_lmsys_0001443,lmsys,eval_subsets/hard_benign_test.csv,84725288d188f133d4f12dfa00c5d9f14d288263122032d325bd1c52b0902fce
hb_lmsys_0001460,lmsys,eval_subsets/hard_benign_test.csv,859fee5ab26d17fd4bf2aeea0d077946c624196dcbbefc8441c8313397e1c170
hb_lmsys_0001511,lmsys,eval_subsets/hard_benign_test.csv,533b16f017fe0ae8f4bffea5f69aa835d71a7489f4c11ecad02320362eb5fe85
hb_lmsys_0001532,lmsys,eval_subsets/hard_benign_test.csv,d26af64a1a10d3344e7b6876131047c347449315b8a82ab29b59f82b8b4ae317
hb_lmsys_0001548,lmsys,eval_subsets/hard_benign_test.csv,5ab903a06edac59d24d9558522140e31a29f0ba765db07f6bacb312e1312cd2c
hb_lmsys_0001558,lmsys,eval_subsets/hard_benign_test.csv,1d0333da6822d97dc9ecc34a795a6d4a4c39ab0b9e61b668d441deb376693a1b
hb_lmsys_0001588,lmsys,eval_subsets/hard_benign_test.csv,ad6aebadbbf675216d908e4d26fc47e899f788132fb188c74fcb11ffbe37742a
hb_lmsys_0001600,lmsys,eval_subsets/hard_benign_test.csv,6c17a58ddc1c29f2d490c648c62701c97ee9da2f43b6ec3106fff373a569ffe9
hb_lmsys_0001601,lmsys,eval_subsets/hard_benign_test.csv,4472e71f78f3d5ec8593f681e5a243eb4df3830ad366ceb9c5cad471aa340fb2
hb_lmsys_0001607,lmsys,eval_subsets/hard_benign_test.csv,5773664bf431f504f0317348a190785fb61ab163d19f3a312c16f8b9ad893be0
hb_lmsys_0001624,lmsys,eval_subsets/hard_benign_test.csv,a46241a118f704e35918fe77d15956e32c4f73ff09686b91c7b50454660cf06a
hb_lmsys_0001636,lmsys,eval_subsets/hard_benign_test.csv,3055a3667b90cd4cb2e7d16ae5dd7fbcca3c87da4c416fc6acb19c7421f45737
hb_lmsys_0001660,lmsys,eval_subsets/hard_benign_test.csv,85d6c7524de4f97e30038737458d6bc5aca3f5bd8d9beb06659fb89f4024e61e
hb_lmsys_0001673,lmsys,eval_subsets/hard_benign_test.csv,bc0a1f9078f33637c208dc7632fec901c429a9767e1bfc8c3bee2839f71515f6
hb_lmsys_0001676,lmsys,eval_subsets/hard_benign_test.csv,efb0e5c3e9d3418967c69dba005140ed7d40805078360ada9eb945d2dd2a18de
hb_lmsys_0001689,lmsys,eval_subsets/hard_benign_test.csv,48a70188b64ffba8820f67cfe5cdc82af6f5033a975259b4648e894954be9eae
hb_lmsys_0001731,lmsys,eval_subsets/hard_benign_test.csv,ea939c707ad8d9290b704317f3a330d7e0e05e5f643902ff97f61445964f9866
hb_lmsys_0001741,lmsys,eval_subsets/hard_benign_test.csv,dfb5793f13e6cfcc94d815f58a1c5a094e914c785f78924e82df6988d2c3b948
hb_lmsys_0001744,lmsys,eval_subsets/hard_benign_test.csv,4261fd9bef6696516139aab7aded2f05eefad4939a3d2dc9c3d4bba01e390705
hb_lmsys_0001746,lmsys,eval_subsets/hard_benign_test.csv,fe341771ae10a8d5bf7e07fc9285742c38eb1e1b1810b15a44ef71ccd03a58d8
hb_lmsys_0001758,lmsys,eval_subsets/hard_benign_test.csv,6dac3f0ce1912d27d18cbd50658db85d8f0d2598cb3062ab2a3410d5bf25ce1d
hb_lmsys_0001760,lmsys,eval_subsets/hard_benign_test.csv,4c9a65f6643119cf6d725ba43075af697ee91dfbc009f9e0213a12d3f14f3ad1
hb_lmsys_0001768,lmsys,eval_subsets/hard_benign_test.csv,8ab8915d3edd1ca79082f50fa402e7251597a1ddad16808bbc667465d0e4fe22
hb_lmsys_0001797,lmsys,eval_subsets/hard_benign_test.csv,ef7296d2f82d39b1800a2f54a7c0397879b3e047752ab6e624c16c011079fad4
hb_lmsys_0001798,lmsys,eval_subsets/hard_benign_test.csv,537dba3fa8babe38e7085649d9f28394484b866a654709d62c6d04731e834ba4
hb_lmsys_0001802,lmsys,eval_subsets/hard_benign_test.csv,0f9e18b423ab76904ca42cf83df48d6d7e6b1d2f85e0fabd7e7d1b17ea5d8fe3
hb_lmsys_0001831,lmsys,eval_subsets/hard_benign_test.csv,9c164ed87e11a5f86ee13718be7fc159d757821391883d94a26880b4ebe5c483
hb_lmsys_0001859,lmsys,eval_subsets/hard_benign_test.csv,4e9d0ff6f94523758fd444e7f26a67a20b106238403b83848787d3388f3dba67
hb_lmsys_0001860,lmsys,eval_subsets/hard_benign_test.csv,de039b0f53006f6e8e8a16630f1507a38066edf26b70eaa50175dea0d79b6b2f
hb_lmsys_0001873,lmsys,eval_subsets/hard_benign_test.csv,55ffc866743da724fcc73db8b3561923f97a4cd9ef32ace8ff4931afa3fa6773
hb_lmsys_0001891,lmsys,eval_subsets/hard_benign_test.csv,f31ee38f3dff57216f6a2c31fca963d95379ff2ac453fcf4e4a978d5308fcea3
hb_lmsys_0001896,lmsys,eval_subsets/hard_benign_test.csv,1e6a9cf35d8bdc5b3ee903cbb49ca98ace2da35cee55ea6ff76b70f984ba3709
hb_lmsys_0001901,lmsys,eval_subsets/hard_benign_test.csv,4a6fcfdcc9f2f36ab24b098281a4bcb39dcdfc14fafabf1d1f72e30331031cd4
hb_lmsys_0001904,lmsys,eval_subsets/hard_benign_test.csv,6e5900c0f3a144c70081bc0cd31859f10091532f398131bdc0c122b2a6aa86ef
hb_lmsys_0001911,lmsys,eval_subsets/hard_benign_test.csv,9860f834fe09f5bbe337117f109b002fb662862281e4b16fd9f6beeed7d9b60a
hb_lmsys_0001985,lmsys,eval_subsets/hard_benign_test.csv,cd60ac36b9543c0a4bf4940d14bf24467ab3e31647b7f876eefc67cffbc1b567
hb_lmsys_0001990,lmsys,eval_subsets/hard_benign_test.csv,e513e23c42c7495fa6d553d94152d0aad9a4c7a34189226b956752f48d032ce6
hb_lmsys_0001997,lmsys,eval_subsets/hard_benign_test.csv,4bf95b7c57c0f8b4312d4b5a7c630f6a3dc0b7f7aa91c4c9d4aaa1565f4fae90
hb_lmsys_0002003,lmsys,eval_subsets/hard_benign_test.csv,29055d6a88a7e7872e8705bb35b641eb92e557a1159ddca9d3b9077343b23b89
hb_lmsys_0002019,lmsys,eval_subsets/hard_benign_test.csv,3332a3ea7698d2685080c13404f9ba8802c18a87aae0ef6fd07f283e8b84c3d2
hb_lmsys_0002026,lmsys,eval_subsets/hard_benign_test.csv,08a543fa5cf3abab33ab55cf6b4af65bcec767b404c89b6a35c76bc56e093459
hb_lmsys_0002029,lmsys,eval_subsets/hard_benign_test.csv,87a5f17cb28b13fb63ed70bd65ae31f82150544cb8dedbfd9599842e323fc764
hb_lmsys_0002031,lmsys,eval_subsets/hard_benign_test.csv,1f7a059f7d6b2d94d859837cb6135088776a7d498dfe31a80d14e1617997d6b6
hb_lmsys_0002035,lmsys,eval_subsets/hard_benign_test.csv,b031c4ccbdfbde6b3f07eeb39f0305f389e90b312cd6f9a99b127d19187b6a68
hb_lmsys_0002037,lmsys,eval_subsets/hard_benign_test.csv,be9c1e041cd27053cf2e9a22cfbf09e00e57b23ffdedd1f7e384e290bcdb7b51
hb_lmsys_0002045,lmsys,eval_subsets/hard_benign_test.csv,37c8d59aa1017d39694cd3b56a1829eaf66f184bda1b052891d37b2e51085884
hb_lmsys_0002069,lmsys,eval_subsets/hard_benign_test.csv,920961ea5171cce2d1758dc2e11af83080b463bf772aaa5004f3cc3f76c08ebd
hb_lmsys_0002073,lmsys,eval_subsets/hard_benign_test.csv,844b0a99819416a5488344f950adcd4a4ebba9a914d4c3bd991b65b2f6a9441a
hb_lmsys_0002090,lmsys,eval_subsets/hard_benign_test.csv,c0cf1678b9d83a51ebb3f181f26f5f4f2ae9768bb22d042da1486da0da327989
hb_lmsys_0002094,lmsys,eval_subsets/hard_benign_test.csv,4539148b1b5804adcf1f97b1f05cf463307cd7f9297ea9118a59f14a021f7f4f
hb_lmsys_0002100,lmsys,eval_subsets/hard_benign_test.csv,3f233ec2783dced5d11b5352570d33a50a9181beceb515a96bbbf5417641b4d0
hb_lmsys_0002110,lmsys,eval_subsets/hard_benign_test.csv,5747fd51f26f0e3c08590a09cb2fdd7c7db181c28e9d563463deeeddbe4f1cea
hb_lmsys_0002111,lmsys,eval_subsets/hard_benign_test.csv,29216369f1d4f1f8056c385fec866947a4147f48af4f9b2c47443e82d164228b
hb_lmsys_0002114,lmsys,eval_subsets/hard_benign_test.csv,f1ddc99bd86ba2787cdeafaf4517f72fc148123d993084ee51e3f9d57d2a867f
hb_lmsys_0002115,lmsys,eval_subsets/hard_benign_test.csv,a7703cd96fcdb3583f5ecf7cfa6f0a4f7627d702d4ea5142676d15be3b19b4ed
hb_lmsys_0002121,lmsys,eval_subsets/hard_benign_test.csv,9e60af867e87906f9e0c3a22b3d2fb57b051e247d2cdcdd3d557157f34a4b706
hb_lmsys_0002139,lmsys,eval_subsets/hard_benign_test.csv,b144c6deecf36ad0261d65456135b663431ae5cde5b3be14db93f73469e8eaa6
hb_lmsys_0002147,lmsys,eval_subsets/hard_benign_test.csv,b31b483c84bb6bae2c49a0dc4ee9bceadb159f8d27f877ef7c16451ca67e2ef7
hb_lmsys_0002163,lmsys,eval_subsets/hard_benign_test.csv,78645ee215979d43bd8057d951d9aaceec0c1ebd0e3b7f62c4dec00625ba6f4d
hb_lmsys_0002169,lmsys,eval_subsets/hard_benign_test.csv,fb9ce9505ab0887733e056c9a39f6359fac4a03e576d92550c949f7cf17a465d
hb_lmsys_0002189,lmsys,eval_subsets/hard_benign_test.csv,e8fa9f7dc41d309f8212e260172762c041a19b82e066fb756786bc6d0256c907
hb_lmsys_0002203,lmsys,eval_subsets/hard_benign_test.csv,0caa3d766e391307bb0cba355bd07700423c07f6141b9d3a94c5516cefd9fcbd
hb_lmsys_0002245,lmsys,eval_subsets/hard_benign_test.csv,8dacb75941a89c5a92a793e117b2b4b7d1cebab618b01f8337a4fe45f8972906
hb_lmsys_0002266,lmsys,eval_subsets/hard_benign_test.csv,557088ad9131e427388f99ca42452ec8c7d1ba2d6cb37e2e30b02cb8b87bb992
hb_lmsys_0002269,lmsys,eval_subsets/hard_benign_test.csv,f03e421bea1f54468a3cac342867ab3f50908a0acb4a0b723ca05752e969deb1
hb_lmsys_0002275,lmsys,eval_subsets/hard_benign_test.csv,eb16b3d88af42fad80fe12913cbef8fc2fd2c9c763f8485ac650abde11d34242
hb_lmsys_0002305,lmsys,eval_subsets/hard_benign_test.csv,4a8e30bd5a6cb93ce5086e41258273e469c84640663c42440db71fa94fb479f2
hb_lmsys_0002331,lmsys,eval_subsets/hard_benign_test.csv,62407151ce171679b200dd9a3267fd7ac19091a26e653be08efdb4607e493f39
hb_lmsys_0002364,lmsys,eval_subsets/hard_benign_test.csv,eaaf6c87f55b0fc377626dc463fc909f447c045aed25828376548d35e9805821
hb_lmsys_0002377,lmsys,eval_subsets/hard_benign_test.csv,1c88aa822475cdfce6927491db692109b0c8f7ee4927716cc9e0f1371f98b863
hb_lmsys_0002387,lmsys,eval_subsets/hard_benign_test.csv,21b45bae3aa263ed22134d1242df5aec5027d0246d9f8ef2d8d7bc1edfe248f1
hb_lmsys_0002402,lmsys,eval_subsets/hard_benign_test.csv,45f786863297ca0b6799c13e7e6539f0dcefb02fd8a86f145a2f3c6043cf19de
hb_lmsys_0002404,lmsys,eval_subsets/hard_benign_test.csv,f00dbb138935efe88831c24a08235438984aee60c34ef5bddaa23b0fcac71200
hb_lmsys_0002413,lmsys,eval_subsets/hard_benign_test.csv,28a2410d709f011aab7401cda746b20e4f1163a712c21d1e07b39534fc0d7526
hb_lmsys_0002419,lmsys,eval_subsets/hard_benign_test.csv,92249c81159d433f65225667cec18b5683c340bae2d8b347c25508a3fd7b59ec
hb_lmsys_0002421,lmsys,eval_subsets/hard_benign_test.csv,1cd660a4adfd84a393267f008cca4d9c8eafd63d7739c4bab8e09432ace01280
hb_lmsys_0002431,lmsys,eval_subsets/hard_benign_test.csv,dac400a6a969a793e04852ef4f7ec4377dff23c77af60b84268ad9eef106909a
hb_lmsys_0002443,lmsys,eval_subsets/hard_benign_test.csv,0d74cb103e964f8faa76e3d865f001ea9ad493ef3a8ec0759352c3f44bbfa289
hb_lmsys_0002470,lmsys,eval_subsets/hard_benign_test.csv,d7130c4812f9c8cf09b392cfcab1edcfd71109e87288b8e058de18604a60b02d
hb_lmsys_0002488,lmsys,eval_subsets/hard_benign_test.csv,b4e81582f314be06a04bc9302554f668c54f65599e3a006826dd52217345943f
hb_lmsys_0002490,lmsys,eval_subsets/hard_benign_test.csv,763bc02574c402fd0d7e4d9ddbeb6633c64fb3c8f1f07a1de45564c14967e778
hb_lmsys_0002492,lmsys,eval_subsets/hard_benign_test.csv,33ab745d6ba9bef67b74aee390beac316ed9669a1fb12e1f91f02b0428c05b80
hb_lmsys_0002498,lmsys,eval_subsets/hard_benign_test.csv,1363363ee24ff8267359def1f8e58bc5d4f2ad47662a480a0393794f3f8c3a12
hb_lmsys_0002502,lmsys,eval_subsets/hard_benign_test.csv,1fd5a1ab9c9d078f5886282900cad5fffe3f674585567e8aafebc2cce5f7aa1a
hb_lmsys_0002530,lmsys,eval_subsets/hard_benign_test.csv,7d375bfcbb203fd219ebebf73a6bf412d2d5cea5d750583504587f4bdc0aa7a7
hb_lmsys_0002542,lmsys,eval_subsets/hard_benign_test.csv,8b64441015ad36058dd9200c7e158f35a2b41fba15dc0219c2f8fa0a17f00f7a
hb_lmsys_0002548,lmsys,eval_subsets/hard_benign_test.csv,e5ed888b171cd6c1cda694c225d990fe5a3c0599f72edeb37b0eb10d0a5e2caa
hb_lmsys_0002560,lmsys,eval_subsets/hard_benign_test.csv,838cfa19f02964e81fa9a3507a221ed71cc89528d013ee85e5e05737067faf1a
hb_lmsys_0002578,lmsys,eval_subsets/hard_benign_test.csv,ec7679e76822e005e7bb465c5d2961d3d5640a41581904ebae868474bb8005f2
hb_lmsys_0002585,lmsys,eval_subsets/hard_benign_test.csv,3070de90fef7208edd0b043308811ee7fe36fb179fafb56cc37f78ae602b5dc9
hb_lmsys_0002591,lmsys,eval_subsets/hard_benign_test.csv,3b1205aa51ff34287d58f4f12ed5b266a864043c8acb3151f3896285acbf844c
hb_lmsys_0002593,lmsys,eval_subsets/hard_benign_test.csv,bfe5b53e677ae975dc500af11417ccd4affe6305113cee068d0ffca052599e1e
hb_lmsys_0002607,lmsys,eval_subsets/hard_benign_test.csv,bf737678ee84216358809b35f52bf36f10b06320a27d3f98e0643cf11eb68ab8
hb_lmsys_0002645,lmsys,eval_subsets/hard_benign_test.csv,da8a551071dc4c2670e516dca35c2eac498b82e57013756d898580469dace2c3
hb_lmsys_0002651,lmsys,eval_subsets/hard_benign_test.csv,8a8368b6b62d43e2d33ca5d84cb48f60fecdd698af6ae1b7c3038ef039153bb8
hb_lmsys_0002652,lmsys,eval_subsets/hard_benign_test.csv,2b8178c8b0aeb5600b580c24c7402288f0b002db65515098898996959565bb5e
hb_lmsys_0002653,lmsys,eval_subsets/hard_benign_test.csv,000538bb3e5879daac71ef0f8b128d35b84bd84c1b591c4451dd6bc55e4a8529
hb_lmsys_0002687,lmsys,eval_subsets/hard_benign_test.csv,2db2657d12d713bbacfe591f950e9e3bdde4cf8279d9446a0b1f82002daa0486
hb_lmsys_0002691,lmsys,eval_subsets/hard_benign_test.csv,6f4aee32e880501d48449e51cd08a278ba56d7f6e8b4be630c232a99f22b5362
hb_lmsys_0002716,lmsys,eval_subsets/hard_benign_test.csv,a9318bba6033d9db13bc9db33e2f3a1c7f8a4b534e0ccf5805efde40f4465551
hb_lmsys_0002718,lmsys,eval_subsets/hard_benign_test.csv,be2884b8953b22ce134bb69f31887cc9f9ad9d3f320ca2d0d4d4d5ce4b0a4413
hb_lmsys_0002730,lmsys,eval_subsets/hard_benign_test.csv,722586d4a8d586f1c0df19478e1939977031a59b0f33abf206e905684818a241
hb_lmsys_0002744,lmsys,eval_subsets/hard_benign_test.csv,4fe7c7f00a28ab9d91177326dad8a6dc3a037fd25a73af762973aff4bb05ab1e
hb_lmsys_0002771,lmsys,eval_subsets/hard_benign_test.csv,3e91015ed61bc482c6ec7a6596b28e48e9522bddf91512f6db57213c159a468e
hb_lmsys_0002775,lmsys,eval_subsets/hard_benign_test.csv,fb46b66b650b54258ed128ca205a739d520c0f822952f423b9fed4485286964d
hb_lmsys_0002801,lmsys,eval_subsets/hard_benign_test.csv,0d27cd31f23cb1b563a837f7e0e9c7219a7ee33b6141010520de540d5bbb9846
hb_lmsys_0002813,lmsys,eval_subsets/hard_benign_test.csv,4cb412bfa74f73eff156dd664577c00d163d4fa8a46542da2303449bdcb6fbfe
hb_lmsys_0002819,lmsys,eval_subsets/hard_benign_test.csv,b6645be51dba1d5071686fb8cfbd60a53a5d51b9486fbd7455dd6a8256a66986
hb_lmsys_0002836,lmsys,eval_subsets/hard_benign_test.csv,5f826fce34b36677077b0ad7dcb1f4640f50fe8492010ef3fa5212dabe83f83a
hb_lmsys_0002840,lmsys,eval_subsets/hard_benign_test.csv,fc35b497b66f2f5dd506a6f3d876aa5e9d6dee1a22adc42b30431614e41e0adf
hb_lmsys_0002845,lmsys,eval_subsets/hard_benign_test.csv,65ef1db943b728996f179d8ca1085ffd79579f78fb409fb796189d3c1823ccb3
hb_lmsys_0002878,lmsys,eval_subsets/hard_benign_test.csv,26b6b3d5d0bc53863baf9689fc330fc22506f97aa533006342b9b509cf97e1b8
hb_lmsys_0002894,lmsys,eval_subsets/hard_benign_test.csv,c9dccda79a8e96178106589e1734b10af5f4c60645c4d01d88684893ed9d6cdf
hb_lmsys_0002915,lmsys,eval_subsets/hard_benign_test.csv,dae126e15c062e3bdd6416b8f8de121984ad39dc5c8d53ac79a0a20407bd1fff
hb_lmsys_0002949,lmsys,eval_subsets/hard_benign_test.csv,ce0533206c2f46d85d74397a1fccfa2e3dc3b68455f2ef5e7f1a727ed4f36a91
hb_lmsys_0002966,lmsys,eval_subsets/hard_benign_test.csv,84de98c97a00dd1bbe72c8809ba6cbe4df460531401e8acd4b5d22cc6996c2f8
hb_lmsys_0002976,lmsys,eval_subsets/hard_benign_test.csv,c80b5ad1de749cca09639f099d0cd13c580889c15f19c535bae4d7fb71cb0d53
hb_lmsys_0002982,lmsys,eval_subsets/hard_benign_test.csv,0a5d83b65aa62bc17a71d14f23433bafc2f8bb4a2c8c184c6f192ba53280dde2
hb_lmsys_0002995,lmsys,eval_subsets/hard_benign_test.csv,1747521d718453bbd71cc98260bdd64545655e6f6ea520eafeddc24231afa84c
hb_lmsys_0002996,lmsys,eval_subsets/hard_benign_test.csv,03f5b640883e8142d502e805fd5f8ece80da20448ed8bb050f762337e34d64f8
hb_lmsys_0002997,lmsys,eval_subsets/hard_benign_test.csv,f5583c843ac014e43016766c996190cbe76e8b3a8a96cab90b1a1017116eef6f
hb_lmsys_0003016,lmsys,eval_subsets/hard_benign_test.csv,60bcc412c932403a26571e4941778893c776ba80508a6523f09cc83d510dbc62
hb_lmsys_0003039,lmsys,eval_subsets/hard_benign_test.csv,54a886acd9c5d4f3b67ad1c499f0ddb52b6e90752f12ac6b226cb87fa22b1769
hb_lmsys_0003063,lmsys,eval_subsets/hard_benign_test.csv,c7516a317c80655a2caf126af02144d61b7c49f7973efb21b8c8870c462e8a60
hb_lmsys_0003103,lmsys,eval_subsets/hard_benign_test.csv,ab9a9f1e5107546b63f6abe5404cc820e9cf6cf95d0a557f4dd7faa9b58f642c
hb_lmsys_0003122,lmsys,eval_subsets/hard_benign_test.csv,25789b397fca5c0470f96ee6ac90fd25751936f66058199682e319c4fb87d626
hb_lmsys_0003167,lmsys,eval_subsets/hard_benign_test.csv,56c0836e90355bdf5b597f57b7c54907d2d2bc121aec86afed4e276ac55680f0
hb_lmsys_0003178,lmsys,eval_subsets/hard_benign_test.csv,f0dd15e9cb5b0ff416ca7e3fdf624b408c23e11e7c7c67f01221642e80b661d2
hb_lmsys_0003188,lmsys,eval_subsets/hard_benign_test.csv,8d6667515a2cee9fd7569782801f9fe94a2b8e305c44c63c172a425a16d65c39
hb_lmsys_0003218,lmsys,eval_subsets/hard_benign_test.csv,63f4d78156deae74ca9332486d9ab62243a75cb1f81ddb00f089eb69fb969a6e
hb_lmsys_0003245,lmsys,eval_subsets/hard_benign_test.csv,0d1ad6d312612b134b59e22a37410ad33273eef6cdce18033979004b28987a7f
hb_lmsys_0003247,lmsys,eval_subsets/hard_benign_test.csv,e33dc23d5fa26fdece6a72edfc175912a3c20ea0de500624ae23646755c0977e
hb_lmsys_0003251,lmsys,eval_subsets/hard_benign_test.csv,aec9fd96bec93deda0dc3bd0fab5e2cd86562b4827cc372ed8f45ea1e5521652
hb_lmsys_0003260,lmsys,eval_subsets/hard_benign_test.csv,59b54c82074d80a8f7f0380be20341a0b7d8f133701bd88ef46ac03acfa9b26d
hb_lmsys_0003262,lmsys,eval_subsets/hard_benign_test.csv,6f8252a0940562b71a06f43d4424df39500c426f142da4098771b9979509e14d
hb_lmsys_0003264,lmsys,eval_subsets/hard_benign_test.csv,15440a8907969d540a223e22b208b357003d1621e8006cabac957958fdb8ae28
hb_lmsys_0003268,lmsys,eval_subsets/hard_benign_test.csv,fea5d7077781dbf73b2af36ca389c8d4e052400d0cea2bd58d8836d112bfdbe9
hb_lmsys_0003294,lmsys,eval_subsets/hard_benign_test.csv,0cbf4dad708e45e95a706fd45278f0ceaa68c484bfe54bcf90be6dbfa5527d7a
hb_lmsys_0003297,lmsys,eval_subsets/hard_benign_test.csv,ab258a00cf4733e95e08feb9a5b1045f075f229948d48a15eb5d1ab84ccbb402
hb_lmsys_0003299,lmsys,eval_subsets/hard_benign_test.csv,0d4b44c6ece930ca0215515d0719123fbea4094ade9ae9a36b269d7929bd9a6d
hb_lmsys_0003305,lmsys,eval_subsets/hard_benign_test.csv,f27a8757d49df67a478d6f1b48974a410c2c1e91a25076cdc258be33d6267e23
hb_lmsys_0003316,lmsys,eval_subsets/hard_benign_test.csv,2753f4bb4e740b39f49395e79ef3a51fcae75d7c8a33b1896240551ba453ba7b
hb_lmsys_0003325,lmsys,eval_subsets/hard_benign_test.csv,5dbef903a72b2929f3a0771c742f5d6c375d0db21c21b479d4eb0fac12513fb4
hb_lmsys_0003331,lmsys,eval_subsets/hard_benign_test.csv,a3cb0a4478035a5d463060954c7785914dff4aeb23c1f1496d7206344627a964
hb_lmsys_0003337,lmsys,eval_subsets/hard_benign_test.csv,456c82e0eadef59ca6d068039c699f83408e6bd31f229d939ce14add6836e83e
hb_lmsys_0003345,lmsys,eval_subsets/hard_benign_test.csv,67f62214e195499d9c14fbd4ef8270b9df80dc7c0ef26fc43995a1cba8a5c378
hb_lmsys_0003356,lmsys,eval_subsets/hard_benign_test.csv,62a12abaa0880f080086b746a18bcd7050c322545886ad49fb4bdbc1d4b3a13a
hb_lmsys_0003361,lmsys,eval_subsets/hard_benign_test.csv,b03f073ad296953e26538b93e9afbde449698eda99377d4f8697b3c622c9ef01
hb_lmsys_0003376,lmsys,eval_subsets/hard_benign_test.csv,5f03042420d68bae20174065f45fc22b9df09607743f63b5a17dc1e8ea961fd6
hb_lmsys_0003391,lmsys,eval_subsets/hard_benign_test.csv,ab472f8e62fd6d3a259eff30f32981b979149513cb615b9bdafb91f34f85c73a
hb_lmsys_0003404,lmsys,eval_subsets/hard_benign_test.csv,2b1086279d006e8447056820813353c48b7aa4e602ab689641767ade7855e085
hb_lmsys_0003448,lmsys,eval_subsets/hard_benign_test.csv,b7f1c16246759c55ec6166e09fc4f4d4ea87beb71edbee92bc421af58808b804
hb_lmsys_0003464,lmsys,eval_subsets/hard_benign_test.csv,38719967e245746ce2188ffc1a596b8adf42220bec65b773b2fb6067fae89b4b
hb_lmsys_0003471,lmsys,eval_subsets/hard_benign_test.csv,a55e399bbe7a926cbe324c5b54408db3b0d242569dd3352b7a5a067a59e5870d
hb_lmsys_0003480,lmsys,eval_subsets/hard_benign_test.csv,10f68e708b28e16b8230d0a3c20a8863c5be94e0e33ac699f5a99f9f87fac03d
hb_lmsys_0003485,lmsys,eval_subsets/hard_benign_test.csv,b0c4f2d3cc265363402029912ee71d8ba31e532655609ce7e5b2310269ca7cd7
hb_lmsys_0003496,lmsys,eval_subsets/hard_benign_test.csv,6a613ddf3455ef5f0324511316f91eeda04a7bf6ed9f091858ccdbfd65af0f60
hb_lmsys_0003500,lmsys,eval_subsets/hard_benign_test.csv,86a4311de708980f3d5f96e41720b40c3af45c95fe5160d87882740ca7a4a21a
hb_lmsys_0003511,lmsys,eval_subsets/hard_benign_test.csv,ee43904cefaf5a03554134dc2112ad4fbb31fd69c01156f3a00d91a5629644ab
hb_lmsys_0003522,lmsys,eval_subsets/hard_benign_test.csv,75da2507896a7d7d05ae75c033cdf5861ae6af435606219f8f29d71350195fc4
hb_lmsys_0003531,lmsys,eval_subsets/hard_benign_test.csv,b77024856b90e490637246d79f5b1d5f76abdad3bb4a998bda797b39b75775d9
hb_lmsys_0003549,lmsys,eval_subsets/hard_benign_test.csv,8bff9f5c0c1248d256cd5559b465747d3c7325bf0c99dededd57dacfc22cb739
hb_lmsys_0003551,lmsys,eval_subsets/hard_benign_test.csv,98c17f636e269d8150981ddba11fdada6a365a3ddf339302c46a3739caffd90b
hb_lmsys_0003577,lmsys,eval_subsets/hard_benign_test.csv,9908f875b4e9873351ad32c9bcfb91ae2f47c8e8c723c0bff8a48b5fe6a94f64
hb_lmsys_0003590,lmsys,eval_subsets/hard_benign_test.csv,793ad4dcbee743bf013e501daffe0c37e809cd77d68c79961d12b88f8ad36282
hb_lmsys_0003593,lmsys,eval_subsets/hard_benign_test.csv,dc56e9c7566300acea7a1c9608e1c9854875c0e65344ccf29f5a9abe5a1559c7
hb_lmsys_0003620,lmsys,eval_subsets/hard_benign_test.csv,8cd0cf776c20311db2336801087fa54e2dad7eb6c74fa7bfab7d79ee69906a85
hb_lmsys_0003667,lmsys,eval_subsets/hard_benign_test.csv,499391c84b02113f177c8aa092b71f962c261040c6f2d66402c4e8d4fe2d24b7
hb_lmsys_0003671,lmsys,eval_subsets/hard_benign_test.csv,802157e6170bae74b5863924af124b7bc6b4deb1fdc3b82e98a54a725049382b
hb_lmsys_0003675,lmsys,eval_subsets/hard_benign_test.csv,e14ab077c242a5d49e75689269bbd06437ae6934f9cd8bc21bfe6fbbae0b6cef
hb_lmsys_0003686,lmsys,eval_subsets/hard_benign_test.csv,164a00bd3b9f5a55a3560e6c2f7cf610e225881c058615620ecbb63d05d24a1a
hb_lmsys_0003696,lmsys,eval_subsets/hard_benign_test.csv,969016a0c4ffe2114455256d9ccca98b5ead2adb9b365f04b6b076a59e4c6667
hb_lmsys_0003697,lmsys,eval_subsets/hard_benign_test.csv,c7ed4ed7f5741eaa8300a2e3027c69d439dd8c59a8b62a91abf2f334b5862e60
hb_lmsys_0003717,lmsys,eval_subsets/hard_benign_test.csv,a61ac2ff449d0b9d9efb33d829362df6b29d4822fad237564b0c7e824ce1370a
hb_lmsys_0003725,lmsys,eval_subsets/hard_benign_test.csv,9688a60fd5478b6f32fb861f307181bfb6f0f1a7046be42248dcb67ff29189d9
hb_lmsys_0003738,lmsys,eval_subsets/hard_benign_test.csv,93067849302586c20ae03ddc6d61d6718760e849f89f0e10405d9f11b3806053
hb_lmsys_0003746,lmsys,eval_subsets/hard_benign_test.csv,42ccf0bd84ada88d52e6885623af322a1cb77b3bdb0382fc57e2fff4af096796
hb_lmsys_0003758,lmsys,eval_subsets/hard_benign_test.csv,57f00c3f4cc36075a0487f3afff25f6c9526b50cc0dcbe69ce16f56d24a9b943
hb_lmsys_0003787,lmsys,eval_subsets/hard_benign_test.csv,055221544a63c103a96de6858aec6bb84b7ca3dfc0c72514e9acbd1fae93ba66
hb_lmsys_ai_adjacent_0000001,lmsys_ai_adjacent,eval_subsets/hard_benign_test.csv,59f66772f27edaf4b40836db2e92fcb2ed717acab85ba480d0173892b08bb269
hb_lmsys_ai_adjacent_0000002,lmsys_ai_adjacent,eval_subsets/hard_benign_test.csv,6bd64023917c8d237478c60e9dea659996f6702bdc6922d20c80da89ebaa7807
hb_lmsys_ai_adjacent_0000003,lmsys_ai_adjacent,eval_subsets/hard_benign_test.csv,135756639078fbc4e6bf66fcb97ce63211e83099d0843fb4fd4f39c4807be1ae
hb_lmsys_ai_adjacent_0000004,lmsys_ai_adjacent,eval_subsets/hard_benign_test.csv,4150203d9d8da742468bebeefbbcafa203c9afa874b78ecc942f70aa67f4c071
hb_lmsys_ai_adjacent_0000006,lmsys_ai_adjacent,eval_subsets/hard_benign_test.csv,58e7e8404227a330f8a26be51bba337cc0c4a1a7e1e7ff581d37aff1d3e928b6
hb_lmsys_ai_adjacent_0000007,lmsys_ai_adjacent,eval_subsets/hard_benign_test.csv,2b2bccf9f322b48f80b3accff24b8d98dc542ccad5e6d81bdafdaa59361223e0
hb_lmsys_ai_adjacent_0000008,lmsys_ai_adjacent,eval_subsets/hard_benign_test.csv,c3d89446ba4d1af9af1329f74fec5bb648be60f71662bad1090cea9b89034abf
hb_lmsys_ai_adjacent_0000011,lmsys_ai_adjacent,eval_subsets/hard_benign_test.csv,029f6de650a92e6daad42a33f60a506f0a96f14a1b10399d32b41785409a9579
hb_lmsys_ai_adjacent_0000012,lmsys_ai_adjacent,eval_subsets/hard_benign_test.csv,ac9b15fdfcf89480816d8feca365421ca7894e2cc42356d53fccad9fca61aec4
hb_lmsys_ai_adjacent_0000014,lmsys_ai_adjacent,eval_subsets/hard_benign_test.csv,85f9ee17086e26eec07c34e9f13047961e9decbd48ba41be3fd3c6413cf0411a
hb_lmsys_ai_adjacent_0000015,lmsys_ai_adjacent,eval_subsets/hard_benign_test.csv,29792b522625464d39debb4ea6509bce420afd4ca6848ebd975f4c6bf2ed6d04
hb_lmsys_ai_adjacent_0000016,lmsys_ai_adjacent,eval_subsets/hard_benign_test.csv,d8589660610e07599ce8a64b9d208ff893c318d28d34f2b9e8ed7a1b6f3245d4
hb_lmsys_ai_adjacent_0000017,lmsys_ai_adjacent,eval_subsets/hard_benign_test.csv,ad6a7023fb14e820412b8cd3a41d098b279aa0d133162ed54845e077bf7df4d7
hb_lmsys_ai_adjacent_0000020,lmsys_ai_adjacent,eval_subsets/hard_benign_test.csv,f57d69938afe7ddf64d362b56977f15089c424b6aa5d94f7effff35ef7881a77
hb_lmsys_ai_adjacent_0000021,lmsys_ai_adjacent,eval_subsets/hard_benign_test.csv,3088bdcc6ca592477dd19d668419567d7e3c5992085b06725f7d7e7bdb0e5682
hb_lmsys_ai_adjacent_0000022,lmsys_ai_adjacent,eval_subsets/hard_benign_test.csv,52687707e06cb5c4b78080ea28b762407d9cc2e511b84405140ed5273b024229
hb_lmsys_ai_adjacent_0000023,lmsys_ai_adjacent,eval_subsets/hard_benign_test.csv,288f19c0fb31db1d96e4b97fbb7174881e3fb0d680a4990b46d872a839f9670a
hb_lmsys_ai_adjacent_0000025,lmsys_ai_adjacent,eval_subsets/hard_benign_test.csv,5bab11ebc018e886550f120adda42cafbde667df79184913965714a6052fe43b
hb_lmsys_ai_adjacent_0000026,lmsys_ai_adjacent,eval_subsets/hard_benign_test.csv,4d86e01df2e48e304c5d06b6105b182a8995a05e721e709ded05140aece5cd32
hb_lmsys_ai_adjacent_0000029,lmsys_ai_adjacent,eval_subsets/hard_benign_test.csv,cf67822ec67b79ae0a68f315b048555263447bbcf04e9a3457603e2553acc454
hb_lmsys_ai_adjacent_0000033,lmsys_ai_adjacent,eval_subsets/hard_benign_test.csv,0de4b44d57851c2ba5d75a566c005a3788c4463337373a18db3c7af3f9219004
hb_lmsys_ai_adjacent_0000035,lmsys_ai_adjacent,eval_subsets/hard_benign_test.csv,c2e7c979b8eafa7cafb66fea29f2d9f979810bdd5394881dd6d82f05092705e6
hb_lmsys_ai_adjacent_0000039,lmsys_ai_adjacent,eval_subsets/hard_benign_test.csv,33209146a1d2313af57551316303792b81c89713b700274c202e9069cf1888d6
hb_lmsys_ai_adjacent_0000040,lmsys_ai_adjacent,eval_subsets/hard_benign_test.csv,50876686bd2850af5501b079191c67cbf982dcdca8a3f580d7dcc425c644cd9f
hb_lmsys_ai_adjacent_0000041,lmsys_ai_adjacent,eval_subsets/hard_benign_test.csv,543ae4d7b107721aef8beaa4fe9340c7cf24f41c14cd48c0bcd40d82f3b0f2e7
hb_lmsys_ai_adjacent_0000043,lmsys_ai_adjacent,eval_subsets/hard_benign_test.csv,87496ad53ffc298f40524d2cd5c01b986fa19d382a36f9704af9e6f1df82fb2a
hb_lmsys_ai_adjacent_0000045,lmsys_ai_adjacent,eval_subsets/hard_benign_test.csv,6036c59d941050bb6abd8af6f9338fe111ac63d493af5eb05a6865c2ddc70141
hb_lmsys_ai_adjacent_0000048,lmsys_ai_adjacent,eval_subsets/hard_benign_test.csv,af13745768b00d27bfbb3dedd88ab04ec8eff5664872ce3cdb90cffa4ac21828
hb_lmsys_ai_adjacent_0000049,lmsys_ai_adjacent,eval_subsets/hard_benign_test.csv,cec61302caad204d13bc89f2fde34bf7ff1e7dfb5ed2ea349a89662cc567749b
hb_lmsys_ai_adjacent_0000052,lmsys_ai_adjacent,eval_subsets/hard_benign_test.csv,960e7f2d0c5f61ebe291c0cc4a4117fc2dad37005ded00a27612faccc322bded
hb_lmsys_ai_adjacent_0000054,lmsys_ai_adjacent,eval_subsets/hard_benign_test.csv,8b1ebca703d5bc29297d39507f925254e4e17655456382908318f3438251aba5
hb_lmsys_ai_adjacent_0000056,lmsys_ai_adjacent,eval_subsets/hard_benign_test.csv,bd0fe4765d17213b0743a4d78468d7edaf916e366467659723ae38bd95c283a5
hb_lmsys_ai_adjacent_0000057,lmsys_ai_adjacent,eval_subsets/hard_benign_test.csv,e13cea3b02fba3d424bfd8fa41e635249371fbd866b9f3aad1eabc897f6e3ce7
hb_lmsys_ai_adjacent_0000058,lmsys_ai_adjacent,eval_subsets/hard_benign_test.csv,3f2375e296abecb11c532aee43d5b38607d92c5b02aefc855e54a7ac39462a14
hb_lmsys_ai_adjacent_0000059,lmsys_ai_adjacent,eval_subsets/hard_benign_test.csv,6529710950703275c3994d72f02a2c5ae07f2a6acd20d1e210d4d0260ccd90c6
hb_lmsys_ai_adjacent_0000061,lmsys_ai_adjacent,eval_subsets/hard_benign_test.csv,cbae5252c9f1f66315a48ace665a5bc15e8e4b7063b94a592d361f3fa4410a6e
hb_lmsys_ai_adjacent_0000062,lmsys_ai_adjacent,eval_subsets/hard_benign_test.csv,f6f314d406ad02b1b7611bcc34b1f3d5cf8663fb6212b531ff1fd7f5bcc00c7f
hb_lmsys_ai_adjacent_0000065,lmsys_ai_adjacent,eval_subsets/hard_benign_test.csv,6dced8bfe2e312cc80ce2473beb5cd2463bbe6cf93d1a25ffad731cda90a4478
hb_lmsys_ai_adjacent_0000066,lmsys_ai_adjacent,eval_subsets/hard_benign_test.csv,c422a888617c664ae30a522972e51a2b15174bc0ad0eb11053b6205c1b5dba91
hb_lmsys_ai_adjacent_0000067,lmsys_ai_adjacent,eval_subsets/hard_benign_test.csv,a6380ea239db0ed6cb07be8c5928f9546e700798df82eb6416d7789aaf0197b7
hb_lmsys_ai_adjacent_0000068,lmsys_ai_adjacent,eval_subsets/hard_benign_test.csv,28f8ca9f310e169159efc3f042b7cf52da438b10437d71ea03eb83686fca65ad
hb_lmsys_ai_adjacent_0000069,lmsys_ai_adjacent,eval_subsets/hard_benign_test.csv,d32ef986278b3b6b99b977e120542821bef9a3e76ad11a38ab856aa7e8fb40c1
hb_lmsys_ai_adjacent_0000070,lmsys_ai_adjacent,eval_subsets/hard_benign_test.csv,cab0737e4ad785fe98b30152455e0150c2b8bd1b062c93933b2ee9e67e700508
hb_lmsys_ai_adjacent_0000076,lmsys_ai_adjacent,eval_subsets/hard_benign_test.csv,74bc325066e0dd7220c8b6886f892b59b68e0c3abbd9c3095503f40d7c7f8234
hb_lmsys_ai_adjacent_0000078,lmsys_ai_adjacent,eval_subsets/hard_benign_test.csv,6f6c33830c7ddc70fc9f621cdced2204725dd2fd00c1be9f0af0604f0cd44e90
hb_lmsys_ai_adjacent_0000079,lmsys_ai_adjacent,eval_subsets/hard_benign_test.csv,0a12fae2cee81a54dedf5c5c0e2f307c3e4e23ba6afca887613e6ce7c7454a1e
hb_lmsys_ai_adjacent_0000080,lmsys_ai_adjacent,eval_subsets/hard_benign_test.csv,274921bb4b9fc28a4271020e291014767578e48c13335dcff80d9ee8a9de1a52
hb_lmsys_ai_adjacent_0000081,lmsys_ai_adjacent,eval_subsets/hard_benign_test.csv,dd43106cdc817a8e933efbf33dadffee6f9117e15d3ac56e8ea5b42215a00e8f
hb_lmsys_ai_adjacent_0000082,lmsys_ai_adjacent,eval_subsets/hard_benign_test.csv,c576fb8d32048715777c408a8d272ba17de69d77f226fcb65f6e1271f9adc566
hb_lmsys_ai_adjacent_0000083,lmsys_ai_adjacent,eval_subsets/hard_benign_test.csv,c165434e330e95b40c6600f9812f9ce957feb008ddee72cde897347755e9f5de
hb_lmsys_ai_adjacent_0000084,lmsys_ai_adjacent,eval_subsets/hard_benign_test.csv,da9556092c8cbf95d15ef272fe983d8b8c20c45dcd97d5cf9614e29a23ef8774
hb_lmsys_ai_adjacent_0000085,lmsys_ai_adjacent,eval_subsets/hard_benign_test.csv,172b26087f9e2112965e602ec0195d3c663dcd97ddf4fbedefa5cc2fefe11185
hb_lmsys_ai_adjacent_0000086,lmsys_ai_adjacent,eval_subsets/hard_benign_test.csv,b6330fddc50fde3dfd321d2b3ba4a48b77981b2b5034df36c7932becb587b6d3
hb_lmsys_ai_adjacent_0000087,lmsys_ai_adjacent,eval_subsets/hard_benign_test.csv,3619c80a809ca9884a7b4cb677eb2f713590e7f7c276446c3bff236c1fed7bb3
hb_lmsys_ai_adjacent_0000088,lmsys_ai_adjacent,eval_subsets/hard_benign_test.csv,72d7950e82508b122181323b212615f95a13d66c75a1648ce19a71407c1235be
hb_lmsys_ai_adjacent_0000091,lmsys_ai_adjacent,eval_subsets/hard_benign_test.csv,bd9efc7564ea3e4c70d4d88c1fd2e76d81743b4bf3d6f1d0c5d405409611a1dd
hb_lmsys_ai_adjacent_0000092,lmsys_ai_adjacent,eval_subsets/hard_benign_test.csv,5db9f74c64788a6666aab08e831d60c977ba4288977f73d78b59b3e1f17ca2e4
hb_lmsys_ai_adjacent_0000093,lmsys_ai_adjacent,eval_subsets/hard_benign_test.csv,ddb9dcfb3e53920a12491187a7c27683268dbfbed6f4b0e6ea1d9b3e461b19ef
hb_lmsys_ai_adjacent_0000094,lmsys_ai_adjacent,eval_subsets/hard_benign_test.csv,77e18f72175f7708c3f055de91b3a6179e2cd00648d21ed98d38c5929b7484f6
hb_lmsys_ai_adjacent_0000095,lmsys_ai_adjacent,eval_subsets/hard_benign_test.csv,a8e2f72722b7310465ca300995b0e3137137930ae2a9ff5fcd3cc2ed68e65349
hb_lmsys_ai_adjacent_0000096,lmsys_ai_adjacent,eval_subsets/hard_benign_test.csv,ef825862fae4f83faee1479b37888f0751c805392dac977fa9737d0a7fc983f1
hb_lmsys_ai_adjacent_0000097,lmsys_ai_adjacent,eval_subsets/hard_benign_test.csv,7d28500348f366577193e766df8239769a73f44596feb7a7a73726c7e9fe12e2
hb_lmsys_ai_adjacent_0000099,lmsys_ai_adjacent,eval_subsets/hard_benign_test.csv,f2f1844a1287170a26732dd3b43391c4abc93f50417781709ded2b7d2c70cda3
hb_lmsys_ai_adjacent_0000100,lmsys_ai_adjacent,eval_subsets/hard_benign_test.csv,875b586ab24eb31644c8dc391a9b90c6a5fb2bf15820c23af96500a0b205b6f8
hb_lmsys_ai_adjacent_0000101,lmsys_ai_adjacent,eval_subsets/hard_benign_test.csv,c1e28d2422670f24e0358862a49d8d5bccaa24cf0d23ceafb99afd13da12de7a
hb_lmsys_ai_adjacent_0000104,lmsys_ai_adjacent,eval_subsets/hard_benign_test.csv,ca1ad21e765939a4917eb4d2a0855796171d0a4ecd511cc1efc38a840d65d8f6
hb_lmsys_ai_adjacent_0000105,lmsys_ai_adjacent,eval_subsets/hard_benign_test.csv,8db0870a506d61659ea3b916d028df4b94ea32af39f91af1bbe69b66f8901f57
hb_lmsys_ai_adjacent_0000106,lmsys_ai_adjacent,eval_subsets/hard_benign_test.csv,5217fcd66aec7bf9e19d5984d2524040d70253bb6ddcc0f97dd1c33b64f18357
hb_lmsys_ai_adjacent_0000107,lmsys_ai_adjacent,eval_subsets/hard_benign_test.csv,d66d1485656afc2c6b6743b48dc33f10294640c76371ad527f785ca71ffc8657
hb_lmsys_ai_adjacent_0000109,lmsys_ai_adjacent,eval_subsets/hard_benign_test.csv,37be5cebb8486ebad4f2747eaada02f28509e5e8c21dba1fae789b77dbafdc22
hb_lmsys_ai_adjacent_0000110,lmsys_ai_adjacent,eval_subsets/hard_benign_test.csv,da085cf8ee1202ecf057b4800f464dd534781d90a7d87a89c86bed490fd7ec9a
hb_lmsys_ai_adjacent_0000111,lmsys_ai_adjacent,eval_subsets/hard_benign_test.csv,5e81d55518a068b77d63e5c57be8280fe7b5c03f64b04cbcd30e458e3181ae95
hb_lmsys_ai_adjacent_0000112,lmsys_ai_adjacent,eval_subsets/hard_benign_test.csv,b522915e2103de60acab10a2ab26b11c7f479781ad0871ac8c29d044ae5129f9
hb_lmsys_ai_adjacent_0000113,lmsys_ai_adjacent,eval_subsets/hard_benign_test.csv,998cd16388eba7b8e4ca877d22273a2ed02118d3c7a54d2d078cb5b1f9dd107d
hb_lmsys_ai_adjacent_0000114,lmsys_ai_adjacent,eval_subsets/hard_benign_test.csv,c960db4a5bc133c8d9b472beb77a8d9b2e4f484b9b126da9c64df50939582d92
hb_lmsys_ai_adjacent_0000115,lmsys_ai_adjacent,eval_subsets/hard_benign_test.csv,f085517d94a9f4f3650a2ac3ba089eddac61bc2a6a1fe9fb139842323a944587
hb_lmsys_ai_adjacent_0000116,lmsys_ai_adjacent,eval_subsets/hard_benign_test.csv,80b24d86c409ec7fa7a21e3d48ca336bf4ace46de0188c9cd8b8f0289a87e7ca
hb_lmsys_ai_adjacent_0000117,lmsys_ai_adjacent,eval_subsets/hard_benign_test.csv,9db7f7d22f0299769e86d9e98497bf0e0b29c5f7fd41f047c1877330dbba3cb3
hb_lmsys_ai_adjacent_0000118,lmsys_ai_adjacent,eval_subsets/hard_benign_test.csv,aac8ef9c9fa76b925e7fb64bd55edca4779a6eae450c8126f9500e64c4ef5cc7
hb_lmsys_ai_adjacent_0000120,lmsys_ai_adjacent,eval_subsets/hard_benign_test.csv,fe6c1ead1803f759c6176ad29c46e5d2928aa72a1244e031ef9e5e25973e236d
hb_lmsys_ai_adjacent_0000122,lmsys_ai_adjacent,eval_subsets/hard_benign_test.csv,5ef64184ae058864230dfe140d2b34aa088d4c8b6e8231751c2a05d4ab8f93a6
hb_lmsys_ai_adjacent_0000127,lmsys_ai_adjacent,eval_subsets/hard_benign_test.csv,1c803e011999b71e45d1dbce3ce4cb68f2776cfe16fd92fe0efa3cb152cd4fd4
hb_lmsys_ai_adjacent_0000128,lmsys_ai_adjacent,eval_subsets/hard_benign_test.csv,8eb5a3d74c1adda75f25e01142ae7b1bc82a668732c08bedc768dcd0b1d4d780
hb_lmsys_ai_adjacent_0000129,lmsys_ai_adjacent,eval_subsets/hard_benign_test.csv,16531a58fee9decd8216892965126a2b21a1f2db5dd6dda04208073f832e3816
hb_lmsys_ai_adjacent_0000130,lmsys_ai_adjacent,eval_subsets/hard_benign_test.csv,6504144bd9ef1e435927961a6b04c26deafdba59e1902e7abe72f150257ee74e
hb_lmsys_ai_adjacent_0000131,lmsys_ai_adjacent,eval_subsets/hard_benign_test.csv,d1968d6d88bb853e516638d6be4d7b08f25564e2f6a874c7958cf9c91d76e58a
hb_lmsys_ai_adjacent_0000138,lmsys_ai_adjacent,eval_subsets/hard_benign_test.csv,d979a730c2b5b408ec415d9ca27969b81ca85b52853cf6d6ec317fc4585ad47c
hb_lmsys_ai_adjacent_0000139,lmsys_ai_adjacent,eval_subsets/hard_benign_test.csv,213f49675492396f824b5ceb37a0c35159c9c39c5eecafa583864ad2535b7b4d
hb_lmsys_ai_adjacent_0000140,lmsys_ai_adjacent,eval_subsets/hard_benign_test.csv,937a8ffc21875d46f6c172755f0f5d52ef85d12ebc46cd5a5d98c3eb3d05ae8c
hb_lmsys_ai_adjacent_0000141,lmsys_ai_adjacent,eval_subsets/hard_benign_test.csv,8cb410113661973b048d074df7edbd941b209cd4d9687927175d270c7e83a2eb
hb_lmsys_ai_adjacent_0000144,lmsys_ai_adjacent,eval_subsets/hard_benign_test.csv,7e1bf917022e0a73d3a475b4babc490aa339d888f7a903f6900310eb23ba20f7
hb_lmsys_ai_adjacent_0000145,lmsys_ai_adjacent,eval_subsets/hard_benign_test.csv,0f4d7e55aa7d25156790998042994d865c20934fb3d4f86c3a33de46adba1ea6
hb_lmsys_ai_adjacent_0000146,lmsys_ai_adjacent,eval_subsets/hard_benign_test.csv,8dc8e7a32e3daae1430e1f9fb43763ccead78c56b238eacdf7c5a8238dadd7e1
hb_lmsys_ai_adjacent_0000147,lmsys_ai_adjacent,eval_subsets/hard_benign_test.csv,3ad517713b24adb079f51ed8db27688a87cf157f599d11c84b765ad0a1214967
hb_lmsys_ai_adjacent_0000148,lmsys_ai_adjacent,eval_subsets/hard_benign_test.csv,7be0ca4f376c6b6ccdad22ba19f03ace9c8e1eb4e98a7d499796f34e72c02a13
hb_lmsys_ai_adjacent_0000151,lmsys_ai_adjacent,eval_subsets/hard_benign_test.csv,9b0a9c90824f9c92c5145615c172830ae4e2c5a51bdccee2e58f65fd248f6099
hb_lmsys_ai_adjacent_0000153,lmsys_ai_adjacent,eval_subsets/hard_benign_test.csv,50bc1ca73277ba6aa07c52a8a0dc82a432c91bd3f5883886e188ef49fed48908
hb_lmsys_ai_adjacent_0000154,lmsys_ai_adjacent,eval_subsets/hard_benign_test.csv,9bd59f7fb6e7cc77720d4ba9cdd035054c0ba7270c3a907025e71d7d0ff08882
hb_lmsys_ai_adjacent_0000155,lmsys_ai_adjacent,eval_subsets/hard_benign_test.csv,ab43ae194ca2f0626ffb78dc85dcaaa36f80b3d21c4c1663b88a0ed8c52df628
hb_lmsys_ai_adjacent_0000157,lmsys_ai_adjacent,eval_subsets/hard_benign_test.csv,c20fb383fa984f689fa2c862c34ad09fa8cf87a7a3761188f4e2c747b594d2fc
hb_lmsys_ai_adjacent_0000158,lmsys_ai_adjacent,eval_subsets/hard_benign_test.csv,ccc4840899ed3a1637023eef28e642e81c170903f1ffe815a36931268665741d
hb_lmsys_ai_adjacent_0000160,lmsys_ai_adjacent,eval_subsets/hard_benign_test.csv,1b8b9a6453404b05dc8a64507ee981fcfea58dd4c38fc9ab5565a2b6285e3d0a
hb_lmsys_ai_adjacent_0000163,lmsys_ai_adjacent,eval_subsets/hard_benign_test.csv,ca0287caa7d6f6690b16e6397f3d138bbe7b039102652ba40145eb8fc842e2d6
hb_lmsys_ai_adjacent_0000167,lmsys_ai_adjacent,eval_subsets/hard_benign_test.csv,f03508694663c0cd7c34f8bae78ec30a37d2b8d28379230f8f5afe07e7500262
hb_lmsys_ai_adjacent_0000168,lmsys_ai_adjacent,eval_subsets/hard_benign_test.csv,e2e1a7de073d83d6c77090d1e0899f1838dd93df3cf176c1855621f3009cc8c2
hb_lmsys_ai_adjacent_0000169,lmsys_ai_adjacent,eval_subsets/hard_benign_test.csv,03489afbf68c221c07469f9660e6a34fc32fe114d064be16dad654703a2f9892
hb_lmsys_ai_adjacent_0000171,lmsys_ai_adjacent,eval_subsets/hard_benign_test.csv,27a2999557c9e9c5dad0608fb93ac5a9575caec12a4a27aff5c55eb953e28469
hb_lmsys_ai_adjacent_0000172,lmsys_ai_adjacent,eval_subsets/hard_benign_test.csv,521617b5549702bd2e8721c51e45b43d06f97e865c9532fb54b70320d7d46284
hb_lmsys_ai_adjacent_0000175,lmsys_ai_adjacent,eval_subsets/hard_benign_test.csv,89505f6db8af01d9e638131ea5c49cfdf06860b267fd7e8a4e9a9dc977c3bbfc
hb_lmsys_ai_adjacent_0000176,lmsys_ai_adjacent,eval_subsets/hard_benign_test.csv,8d0c586429ca3008e19c1da44f938232338e9c2010fa889bfb8f7b97e32a2ea5
hb_lmsys_ai_adjacent_0000177,lmsys_ai_adjacent,eval_subsets/hard_benign_test.csv,279f971e7dc677d7d1f06c311e58edd17a91f0790ae7c603a9374c1e3fb19d9b
hb_lmsys_ai_adjacent_0000179,lmsys_ai_adjacent,eval_subsets/hard_benign_test.csv,5ec0b509c654275f53500911aeddb148ed5b7e05fe225b9879d1ce1dc5bf1a6b
hb_lmsys_ai_adjacent_0000180,lmsys_ai_adjacent,eval_subsets/hard_benign_test.csv,73deda54a6d2f8ec727d6c3b12e7f0c37f3b2deca8c80910ca24f0bfb6f48801
hb_lmsys_ai_adjacent_0000181,lmsys_ai_adjacent,eval_subsets/hard_benign_test.csv,e676312cb86e6e27bf2c8094aee22508c543e69d15fc63b812a061536cd148e1
hb_lmsys_ai_adjacent_0000182,lmsys_ai_adjacent,eval_subsets/hard_benign_test.csv,f3e0607f9160134ae3925fa0ad656d1998b4a768a26558f1076e9719ee43fd4f
hb_lmsys_ai_adjacent_0000183,lmsys_ai_adjacent,eval_subsets/hard_benign_test.csv,d7a0021c37b5931678f8651cdb0179f411b985218a7e8243aba5551d6ad061b4
hb_lmsys_ai_adjacent_0000184,lmsys_ai_adjacent,eval_subsets/hard_benign_test.csv,b6754bc0a4c45bdcc196476b7f5a768f04ddac14bce62e4661f3a73a1b9bc1fa
hb_lmsys_ai_adjacent_0000190,lmsys_ai_adjacent,eval_subsets/hard_benign_test.csv,353df96a42bbe94c6b2ec4a62caee11481a2bbd5a6f7636f3a49337e7de3ae44
hb_lmsys_ai_adjacent_0000192,lmsys_ai_adjacent,eval_subsets/hard_benign_test.csv,155f8632e5b66a4df5ed6e550c8580f9309a853bb2b7b9a2f6bf22581d1e11f6
hb_lmsys_ai_adjacent_0000196,lmsys_ai_adjacent,eval_subsets/hard_benign_test.csv,0ca139f2359d0496e6fda2b2e016ac429409899cd4e80c3cbd6e195ba8c3c9bd
hb_lmsys_ai_adjacent_0000203,lmsys_ai_adjacent,eval_subsets/hard_benign_test.csv,19114ec769f2c76e9a3d74a10de8fd15c22b0e51687b3427eedc6ac67bd11088
hb_lmsys_ai_adjacent_0000206,lmsys_ai_adjacent,eval_subsets/hard_benign_test.csv,2afd9db0b1f02eb06575c5d302e491279583da7380d99e4c4e8f11d3c887c6cf
hb_lmsys_ai_adjacent_0000209,lmsys_ai_adjacent,eval_subsets/hard_benign_test.csv,ae3145d2caceacbe6c41d4732626e24b1eb11d4c58258cbc8a66cf7f8668af86
hb_lmsys_ai_adjacent_0000210,lmsys_ai_adjacent,eval_subsets/hard_benign_test.csv,1cc1f8d2ba4441746fd0cba91faea2fe0ac4a4d54e6eab08f5ca89f38c3503ea
hb_lmsys_ai_adjacent_0000211,lmsys_ai_adjacent,eval_subsets/hard_benign_test.csv,97505051a7c4289ebb08c8264d2c11adb4e00fb8638164c89f9b0488a18bc2ee
hb_lmsys_ai_adjacent_0000213,lmsys_ai_adjacent,eval_subsets/hard_benign_test.csv,34b1a45c228d4f8bd5a610b60cb08a474fcc62b34e094e85c663b1607610a756
hb_lmsys_ai_adjacent_0000215,lmsys_ai_adjacent,eval_subsets/hard_benign_test.csv,1fab9aeabdf98c59391d189ad1f1b3cd23ebfb6f933b815c3c17290db3464609
hb_lmsys_ai_adjacent_0000218,lmsys_ai_adjacent,eval_subsets/hard_benign_test.csv,f36dc15237dc7136fd39c4e7617ad7a2759a2f94ce2f28f97b5ea8ee12c5c25c
hb_lmsys_ai_adjacent_0000219,lmsys_ai_adjacent,eval_subsets/hard_benign_test.csv,9f12697cba4286799d5bde3f40aab0c177f809288e19300045fed98d49584d4b
hb_lmsys_ai_adjacent_0000220,lmsys_ai_adjacent,eval_subsets/hard_benign_test.csv,2af16f825e6bef179d2e892ee8faed4ed826bba0b4522e3222cc9af9b005e26b
hb_lmsys_ai_adjacent_0000221,lmsys_ai_adjacent,eval_subsets/hard_benign_test.csv,eba62a0d31e6388b4392bf4929663278afa13581fb11512e50aff7b60c336d7d
hb_lmsys_ai_adjacent_0000222,lmsys_ai_adjacent,eval_subsets/hard_benign_test.csv,7c71b77fabe9ece447774501a32d4b6972cd975f8a813077ec64ea7d763e17ce
hb_lmsys_ai_adjacent_0000223,lmsys_ai_adjacent,eval_subsets/hard_benign_test.csv,2e65b172863a7cf0c964dca8adc07197824828e9de3496c4221fdb4cd2728e04
hb_lmsys_ai_adjacent_0000227,lmsys_ai_adjacent,eval_subsets/hard_benign_test.csv,9aa34b70796f6a8ba704650e69dc5bd71d9bb73f2ca9bf56f9b0737f392f661b
hb_lmsys_ai_adjacent_0000228,lmsys_ai_adjacent,eval_subsets/hard_benign_test.csv,49880988fc8b25210410bbb97d8ee9ea4059b5342d476af8a3d79394aec06af2
hb_lmsys_ai_adjacent_0000230,lmsys_ai_adjacent,eval_subsets/hard_benign_test.csv,de58e3892b60158ee71f1c31d772a86a917ee36cc7d38883853033558c30d043
hb_lmsys_ai_adjacent_0000231,lmsys_ai_adjacent,eval_subsets/hard_benign_test.csv,92cffc24827bb9decadfd20f77cdb505970a77590af3068aba4c9d8bd94b7b00
hb_lmsys_ai_adjacent_0000233,lmsys_ai_adjacent,eval_subsets/hard_benign_test.csv,f32c7294001e9153e4933fadc133e8c2afc84900e5eed731bbcaac58123692fc
hb_lmsys_ai_adjacent_0000234,lmsys_ai_adjacent,eval_subsets/hard_benign_test.csv,322f3f5d55830685797d320564b066b3fd92cf100411a83f3a04e31afd303f37
hb_lmsys_ai_adjacent_0000237,lmsys_ai_adjacent,eval_subsets/hard_benign_test.csv,1ef82a67cfd101ede823e859df37aa3183f7bab10bfef48816e84e5c193d3cfd
hb_lmsys_ai_adjacent_0000238,lmsys_ai_adjacent,eval_subsets/hard_benign_test.csv,19cf4b8f8bdf5c80e5a4502a78d1358891e4d480b29319191203c7652d3702a4
hb_lmsys_ai_adjacent_0000239,lmsys_ai_adjacent,eval_subsets/hard_benign_test.csv,3143ef889cbe89cb2db5cffa049f0ad2aa10b9bc8b533872c4a4ff0e828ecab2
hb_lmsys_ai_adjacent_0000240,lmsys_ai_adjacent,eval_subsets/hard_benign_test.csv,0314d02636374f4c19433d7dd10bda08c310dc9037071797b19e7767b81f0c18
hb_lmsys_ai_adjacent_0000243,lmsys_ai_adjacent,eval_subsets/hard_benign_test.csv,064563946b200b07b6abc9cdca088896ec96fdaf921c820c3a15178ae1f04381
hb_lmsys_ai_adjacent_0000245,lmsys_ai_adjacent,eval_subsets/hard_benign_test.csv,92b0852e424f9877c29f6576e266c752fd7241bfc621a950cdfe4482b41ab229
hb_lmsys_ai_adjacent_0000247,lmsys_ai_adjacent,eval_subsets/hard_benign_test.csv,d15ceda9ad6bb4c161984d9ca06dde1867c3911a7608198b355c8cf1333942ce
hb_lmsys_ai_adjacent_0000249,lmsys_ai_adjacent,eval_subsets/hard_benign_test.csv,b675e699bb83500d15432a41a3152937d7fbee497ae0a24499a987c752ceaf1e
hb_lmsys_ai_adjacent_0000254,lmsys_ai_adjacent,eval_subsets/hard_benign_test.csv,a37a79f1398c1cb67f76a3c6b2e4fa7c59b7e4eb5f41d25c008bfe2077cb4d5d
hb_lmsys_ai_adjacent_0000255,lmsys_ai_adjacent,eval_subsets/hard_benign_test.csv,0765857fd49acd93c9fd32e8df58230938e6e3796523c4c197e5596e93ddaef5
hb_lmsys_ai_adjacent_0000256,lmsys_ai_adjacent,eval_subsets/hard_benign_test.csv,ff2112a047b6e8590237765aa58dbbbbf5b3e38099ec894841a0e5635a574e62
hb_lmsys_ai_adjacent_0000257,lmsys_ai_adjacent,eval_subsets/hard_benign_test.csv,ea70dbd2713740e8bf9e957531d018bfbe86a2f3b5990d7a26671eeb76b33ea5
hb_lmsys_ai_adjacent_0000258,lmsys_ai_adjacent,eval_subsets/hard_benign_test.csv,4b761b1ea1e5a04134b7b1184c88b6f009e2a88a4cc68f1988fa735c1b1136a4
hb_lmsys_ai_adjacent_0000260,lmsys_ai_adjacent,eval_subsets/hard_benign_test.csv,523a59fce9ec57e7ade71de0f7fd07a55ebd0100b214d1b0502ab18b9fd68d81
hb_lmsys_ai_adjacent_0000262,lmsys_ai_adjacent,eval_subsets/hard_benign_test.csv,c5ed9f0ced29543e36a2a78360fe63e3229b6938e1af41ec666f842f78c2dc59
hb_lmsys_ai_adjacent_0000264,lmsys_ai_adjacent,eval_subsets/hard_benign_test.csv,a682103790833fbbbdc29e94af9d622f997da86498a692663df8329754d40173
hb_lmsys_ai_adjacent_0000265,lmsys_ai_adjacent,eval_subsets/hard_benign_test.csv,8e61667ecde72e2a824d2e77addc946d14da7b213b2e5bb9c8d9bdc8fa2ce1bf
hb_lmsys_ai_adjacent_0000267,lmsys_ai_adjacent,eval_subsets/hard_benign_test.csv,29fdb86df5ec5fcdb87be3c224b8c7461e61a0f314c002bb8ae0ff42ac7e7f6c
hb_lmsys_ai_adjacent_0000268,lmsys_ai_adjacent,eval_subsets/hard_benign_test.csv,fc666768d0176ba2a7bed27d2ec18e26f3903494be82210e23775210edd86230
hb_lmsys_ai_adjacent_0000269,lmsys_ai_adjacent,eval_subsets/hard_benign_test.csv,baf963d2890da6d738ffe740674d9011f0d9093a7e447800b253f501fe44b58f
hb_lmsys_ai_adjacent_0000272,lmsys_ai_adjacent,eval_subsets/hard_benign_test.csv,a3c97f543f56180554a43f83f2d0c0a7b58b87fab963ec77fe79000cdb15fe53
hb_lmsys_ai_adjacent_0000273,lmsys_ai_adjacent,eval_subsets/hard_benign_test.csv,403fa3b5e5b25b9f228f4bca3f9d9c31f47da7985a7f3f0347fd875d21e7a6fe
hb_lmsys_ai_adjacent_0000275,lmsys_ai_adjacent,eval_subsets/hard_benign_test.csv,2c7cc461f729a694d199e4a5260b031ee065db4cb775518e75fa6f5f96daacc9
hb_lmsys_ai_adjacent_0000276,lmsys_ai_adjacent,eval_subsets/hard_benign_test.csv,c95025c3d34404e0b2894d739c3d72a9485c3a9fb5256c76033665616ed5ba4a
hb_lmsys_ai_adjacent_0000279,lmsys_ai_adjacent,eval_subsets/hard_benign_test.csv,2dcf9318ff7751df2e83daa88e88983c4defa261a1c2a82ef21fe27d1e2f42cd
hb_lmsys_ai_adjacent_0000280,lmsys_ai_adjacent,eval_subsets/hard_benign_test.csv,a62c6c89d915e5f8b60a1d21bf4cd271716f01659586c7f82f74d574f1968aad
hb_lmsys_ai_adjacent_0000281,lmsys_ai_adjacent,eval_subsets/hard_benign_test.csv,f9b767e0dfee038768c458ae6ddf8f53acaca2ad32fff918557862b518fa438a
hb_lmsys_ai_adjacent_0000282,lmsys_ai_adjacent,eval_subsets/hard_benign_test.csv,80cf9d18b3ffb9977ad501ddb964b9dd0bb2b8336174527192d0d5629156bf04
hb_lmsys_ai_adjacent_0000284,lmsys_ai_adjacent,eval_subsets/hard_benign_test.csv,45d53e932f7cd7bf1143d14a3e3edd404ab859ab340a3ed5b8b683e855f534d1
hb_lmsys_ai_adjacent_0000285,lmsys_ai_adjacent,eval_subsets/hard_benign_test.csv,2c824248eb0868f2b40a572d72c55939fcf06ec4597081f27a631a34b4e7a682
hb_lmsys_ai_adjacent_0000286,lmsys_ai_adjacent,eval_subsets/hard_benign_test.csv,fc4ecb88d0538e375d86d11cd5dbd6368da2e97ffc4a1f0c63f5cc17fd275eef
hb_lmsys_ai_adjacent_0000288,lmsys_ai_adjacent,eval_subsets/hard_benign_test.csv,684b86655fa8c413faf04c7224216ed2cbb6a2d47157f3d8a7a32251b5b8813a
hb_lmsys_ai_adjacent_0000289,lmsys_ai_adjacent,eval_subsets/hard_benign_test.csv,f4395813ad9551f45d23374fa398d643dcc9f4bc65d1588b7960ba5b93f60521
hb_lmsys_ai_adjacent_0000290,lmsys_ai_adjacent,eval_subsets/hard_benign_test.csv,bb6460e14f540d20d33ee65efbee65a4e3f9334ff509fe5438f0cdc2ade0b80f
hb_lmsys_ai_adjacent_0000292,lmsys_ai_adjacent,eval_subsets/hard_benign_test.csv,5ed1a2f980aea8271e07e352e601cd3ea81faaa7708b64114f13c1a319a3cf20
hb_lmsys_ai_adjacent_0000293,lmsys_ai_adjacent,eval_subsets/hard_benign_test.csv,152f56ab58063e08ea19efdad836b2185368cc7ca0cc03d0799434ff412b9303
hb_lmsys_ai_adjacent_0000295,lmsys_ai_adjacent,eval_subsets/hard_benign_test.csv,c52f14e3a2920004ce5f07bfd73880b5957bc9e3177805d45303a6b329d17605
hb_lmsys_ai_adjacent_0000297,lmsys_ai_adjacent,eval_subsets/hard_benign_test.csv,8f2e3f78c68b1d8aae04330cd19e8133969147afd8322cdb92234c066099cec5
hb_lmsys_ai_adjacent_0000299,lmsys_ai_adjacent,eval_subsets/hard_benign_test.csv,3a7e8ff6211a8decc4cdb494e04509b92dfcd1b63e54a66d25337b23880a77c7
hb_lmsys_ai_adjacent_0000301,lmsys_ai_adjacent,eval_subsets/hard_benign_test.csv,78fbfdb03ae1e10935cac9311cdeb6e1142a2f98de4e67fa0e46531ff4264e07
hb_lmsys_ai_adjacent_0000302,lmsys_ai_adjacent,eval_subsets/hard_benign_test.csv,70c1b3caa58c18bdea1947dbadc7b10989841da3a1a2e08f9b8cd953c8850bbd
hb_lmsys_ai_adjacent_0000303,lmsys_ai_adjacent,eval_subsets/hard_benign_test.csv,79623f8e7d56b0b0643dd484101bbb3c522e31c4d4a26ab99f563e99ed8bee2a
hb_lmsys_ai_adjacent_0000306,lmsys_ai_adjacent,eval_subsets/hard_benign_test.csv,2acbc4d1f64ecf94ca7d9fdf94367bcfd836c1455184a817452f1190c2b3b7ed
hb_lmsys_ai_adjacent_0000307,lmsys_ai_adjacent,eval_subsets/hard_benign_test.csv,a2b70ff31ae25ec1419f780bc0de4c4fe2933d9ce22078073d969bb02c7923f1
hb_lmsys_ai_adjacent_0000308,lmsys_ai_adjacent,eval_subsets/hard_benign_test.csv,820b33409bb0564b362abc67fc6a7a458e9d988354eafdecf0cd3c55087add68
hb_lmsys_ai_adjacent_0000309,lmsys_ai_adjacent,eval_subsets/hard_benign_test.csv,036d03e4bf2f76c8c38d98eedc4f80775892044718f59fb1b46ec47a2ac6b06b
hb_lmsys_ai_adjacent_0000310,lmsys_ai_adjacent,eval_subsets/hard_benign_test.csv,44420fdc2957fce96a07c4023e74d4193bba35d7eab1cd4b15f3abcc8f0e14f8
hb_lmsys_ai_adjacent_0000311,lmsys_ai_adjacent,eval_subsets/hard_benign_test.csv,80cc5423a7724b7b656c80e55ffd465cdcfb9d6a2d5f603fc41134c5b38c18a2
hb_lmsys_ai_adjacent_0000312,lmsys_ai_adjacent,eval_subsets/hard_benign_test.csv,f1ff8039844d6529151d36ded0c4152f00f9b0aacf0d84c6f4bb506a897f11ee
hb_lmsys_ai_adjacent_0000313,lmsys_ai_adjacent,eval_subsets/hard_benign_test.csv,446cbd2b020a70641d5bb3fd11c6280f7c9c820b892d485572a065dd8ca9988c
hb_lmsys_ai_adjacent_0000320,lmsys_ai_adjacent,eval_subsets/hard_benign_test.csv,b3888f545a917120b9f52a691be5e14ba9a0ec131b492c37b5cf659f3d5ebdd4
hb_lmsys_ai_adjacent_0000321,lmsys_ai_adjacent,eval_subsets/hard_benign_test.csv,5416df5e4127da065f2fb7c7cf3a28ab07021fbaf1f078e6747e052e0bfb9117
hb_lmsys_ai_adjacent_0000322,lmsys_ai_adjacent,eval_subsets/hard_benign_test.csv,3e822f5edb95e1cb6263b0015bedca53773a9c688bf81d04b7e473239ef54fdd
hb_lmsys_ai_adjacent_0000323,lmsys_ai_adjacent,eval_subsets/hard_benign_test.csv,4e2fb82b848be4f1822979a822226f47a8c56e30bc34d9452cbf9c7f302ca20b
hb_lmsys_ai_adjacent_0000325,lmsys_ai_adjacent,eval_subsets/hard_benign_test.csv,c94c4c957405f5d71a3543aa253050afa0a98319ef7486f67150fffe3cbb7190
hb_lmsys_ai_adjacent_0000326,lmsys_ai_adjacent,eval_subsets/hard_benign_test.csv,bc706800db80889e96d60d624274d56b0b3e04cf293f01e3590a50a54fd46872
hb_lmsys_ai_adjacent_0000328,lmsys_ai_adjacent,eval_subsets/hard_benign_test.csv,136692bccb7d87499353bd000a5c9e18ac430e418746b60b41a2e8f572c50753
hb_lmsys_ai_adjacent_0000332,lmsys_ai_adjacent,eval_subsets/hard_benign_test.csv,453f3329514183e1edfa590a05059cf4f0f31845782981d6937e55ae89b01573
hb_lmsys_ai_adjacent_0000333,lmsys_ai_adjacent,eval_subsets/hard_benign_test.csv,915968b725b9ea6b6e9ff40dce2459d9a1d216e9998e576fb36e9b499f5a10df
hb_lmsys_ai_adjacent_0000334,lmsys_ai_adjacent,eval_subsets/hard_benign_test.csv,9c4947e3566f9a490244679b9a1f7aa955df4f54199ab19eed7951742cb18843
hb_lmsys_ai_adjacent_0000335,lmsys_ai_adjacent,eval_subsets/hard_benign_test.csv,e70cd39930130099cc338a54d5c7b2f881511de0cc0146c71a31ead87cfc7c0d
hb_lmsys_ai_adjacent_0000336,lmsys_ai_adjacent,eval_subsets/hard_benign_test.csv,70ede009fe9dce7b0e1fbc51c59f6ed3a35a7d45db42776e368307aef0231a84
hb_lmsys_ai_adjacent_0000338,lmsys_ai_adjacent,eval_subsets/hard_benign_test.csv,a8140af05df50e21818ad7d530ee3be9fe9c9bdeecc2e8a64e89dfe7c7ba941f
hb_lmsys_ai_adjacent_0000339,lmsys_ai_adjacent,eval_subsets/hard_benign_test.csv,1ebc5f8a32dbaafd552df7d6ca68bc29c5802e6d9b94d95c6f1c46b602a1de28
hb_lmsys_ai_adjacent_0000341,lmsys_ai_adjacent,eval_subsets/hard_benign_test.csv,55057825b90b6ac9a56158efcc6723ddd16165f33809b8e9b4821d9b6dca2a43
hb_lmsys_ai_adjacent_0000344,lmsys_ai_adjacent,eval_subsets/hard_benign_test.csv,2e626eaa5b81791f15ed1160bc92b662e885737af66b10771c39d027743d5906
hb_lmsys_ai_adjacent_0000345,lmsys_ai_adjacent,eval_subsets/hard_benign_test.csv,9102cbf93ac3acc389f442e9584ad9682ef25f475a3ad6278b12a78095b00197
hb_lmsys_ai_adjacent_0000346,lmsys_ai_adjacent,eval_subsets/hard_benign_test.csv,332e11612413bb8c935ed4ef7c073af2b750ba690881ee4b4c3d527b43360890
hb_lmsys_ai_adjacent_0000349,lmsys_ai_adjacent,eval_subsets/hard_benign_test.csv,388a588d3f5c3fd3f5ba7cd3e22502b5cb3acda298691241403b99d27bc1aefd
hb_lmsys_ai_adjacent_0000350,lmsys_ai_adjacent,eval_subsets/hard_benign_test.csv,9ba03d32f84462104e5e81022f1808f70eafd5bfb54184bbd663a1afb643beb0
hb_lmsys_ai_adjacent_0000352,lmsys_ai_adjacent,eval_subsets/hard_benign_test.csv,c1af3feb707d71a82f145e2295008d5556f3c5b62ccba7dead8351f29523198b
hb_lmsys_ai_adjacent_0000353,lmsys_ai_adjacent,eval_subsets/hard_benign_test.csv,ba40adab4ecdc758de6de6c7589d6cd0b3acb29c84fb1caa66c051d162f3423f
hb_lmsys_ai_adjacent_0000354,lmsys_ai_adjacent,eval_subsets/hard_benign_test.csv,949d80c2ba3a53c57a3a5ed5f13aea6de2f581e9de59a855cde5074ef87a10d3
hb_lmsys_ai_adjacent_0000356,lmsys_ai_adjacent,eval_subsets/hard_benign_test.csv,86426f0d4aaff2ede3a8c87149bd10ffa54084e1aa94d2792ad70e2bbbb93298
hb_lmsys_ai_adjacent_0000361,lmsys_ai_adjacent,eval_subsets/hard_benign_test.csv,26dfd455114dd91613cd771d2606ee4dc0ae2092767d1339f10a4feff9707a52
hb_lmsys_ai_adjacent_0000362,lmsys_ai_adjacent,eval_subsets/hard_benign_test.csv,9013f2be69992dd5e6c935b187dae871e258cdd764ca7f68a660295ce62ab798
hb_lmsys_ai_adjacent_0000363,lmsys_ai_adjacent,eval_subsets/hard_benign_test.csv,a977d0c151eeaee12c59fe50989f168ef69ce2bee7019b82fffc3c9b97899634
hb_lmsys_ai_adjacent_0000364,lmsys_ai_adjacent,eval_subsets/hard_benign_test.csv,f9bf749e7d2fc131843d864860edf73a9a4b429109255ebbc1c669e9c1955a70
hb_lmsys_ai_adjacent_0000366,lmsys_ai_adjacent,eval_subsets/hard_benign_test.csv,281881a83feae53ee165d98f21ce445c0adbeabbc5dff5d0cf233501da3daf75
hb_lmsys_ai_adjacent_0000372,lmsys_ai_adjacent,eval_subsets/hard_benign_test.csv,f7692a2f9cf81c6e78ff29c300a72e8709d64448484d0aedb9e200aed2c427f7
hb_lmsys_ai_adjacent_0000373,lmsys_ai_adjacent,eval_subsets/hard_benign_test.csv,3634ca79dad98d838231370352468df86ab739eb64fc4468d40132a8045dc9f0
hb_lmsys_ai_adjacent_0000374,lmsys_ai_adjacent,eval_subsets/hard_benign_test.csv,c9fc61f7ec7c28493c84ecde32ba04462e45aec33500653b12a9ce7229ef3836
hb_lmsys_ai_adjacent_0000375,lmsys_ai_adjacent,eval_subsets/hard_benign_test.csv,ec231cbb8e6b8249d951f35ee2ad6221af7cf21c1d35b04d9de656a79bb063c2
hb_lmsys_ai_adjacent_0000377,lmsys_ai_adjacent,eval_subsets/hard_benign_test.csv,e08a2626d07076b9feb4d0711f37f89354f780a589897514294cd6a295fa1377
hb_lmsys_ai_adjacent_0000378,lmsys_ai_adjacent,eval_subsets/hard_benign_test.csv,79df55cb2262ecbd471f2c69c3d0ae38e359bca9ea4a7eecddadda3a7ccdbba4
hb_lmsys_ai_adjacent_0000379,lmsys_ai_adjacent,eval_subsets/hard_benign_test.csv,eb722e855d8107b5dff2ea3b0cdd2bc55ea3eda372fd22315d49c4772e039332
hb_lmsys_ai_adjacent_0000380,lmsys_ai_adjacent,eval_subsets/hard_benign_test.csv,d04a420b027a323df6f76b5e81ad9193afe2f1d9a76aa3d7d076a277e5e770fa
hb_lmsys_ai_adjacent_0000382,lmsys_ai_adjacent,eval_subsets/hard_benign_test.csv,a25ab136e2ae4244bebe9bf14f32f34db265c812307a6242e4f75525cce27382
hb_lmsys_ai_adjacent_0000383,lmsys_ai_adjacent,eval_subsets/hard_benign_test.csv,a238e3d79bfd4e034b8f1213f1e02c5a92ab06d797e57aaccc77c3c5ab91c219
hb_lmsys_ai_adjacent_0000386,lmsys_ai_adjacent,eval_subsets/hard_benign_test.csv,2beafa02adafaf178300086992ad7f77bfe23b176148d82c211d12ecadf0b72f
hb_lmsys_ai_adjacent_0000387,lmsys_ai_adjacent,eval_subsets/hard_benign_test.csv,a5c7d77b3f0cc37472d3f22f89804f0fe9a64d419bb5240b2dfc56a5a3155863
hb_lmsys_ai_adjacent_0000390,lmsys_ai_adjacent,eval_subsets/hard_benign_test.csv,8868980003c6b7844418d53cf7be15d2cf44c3bafe2809749cb0255e47bb2407
hb_lmsys_ai_adjacent_0000392,lmsys_ai_adjacent,eval_subsets/hard_benign_test.csv,9488c2e8648cc8b6a87ed9127d177447cd585848bb842f30837f0658aa585735
hb_lmsys_ai_adjacent_0000393,lmsys_ai_adjacent,eval_subsets/hard_benign_test.csv,8ed26f5f812ab6cb26692f4f86a0ac7761d718272b7341a44d9a2a6d778aa746
hb_lmsys_ai_adjacent_0000394,lmsys_ai_adjacent,eval_subsets/hard_benign_test.csv,0fce1d52468f6002255fe6b3be9cfd12aa3cab6fe142b7ea5d850d35c6380549
hb_lmsys_ai_adjacent_0000396,lmsys_ai_adjacent,eval_subsets/hard_benign_test.csv,2d92b4a3e2950fed54330770e3718e9ccd31289a3b5c762a4d63b7076e36eedc
hb_lmsys_ai_adjacent_0000397,lmsys_ai_adjacent,eval_subsets/hard_benign_test.csv,b4a3506a1dc0222a013c7ce45cbc8b9a0feb761a9e2bb376715cc73ec02850c8
hb_lmsys_ai_adjacent_0000398,lmsys_ai_adjacent,eval_subsets/hard_benign_test.csv,c92ff87316fbd897f096ed0693f0e784c7db85f869fc169b783e338d653b5948
hb_lmsys_ai_adjacent_0000399,lmsys_ai_adjacent,eval_subsets/hard_benign_test.csv,a8f6a046131727d385b74d8de804ff406c30fb0cc6e07e3aef5453522bd68293
hb_lmsys_ai_adjacent_0000400,lmsys_ai_adjacent,eval_subsets/hard_benign_test.csv,b7ee7dd6c0495a1fbd48e2296387717f8d1b7fbaab8cd70db75cf630c3d389c4
hb_lmsys_ai_adjacent_0000401,lmsys_ai_adjacent,eval_subsets/hard_benign_test.csv,559ab15e8eda1d82cf89b79ed4a5be5fef136fc7a8b4a85860cf219b4e38f9a3
hb_lmsys_ai_adjacent_0000403,lmsys_ai_adjacent,eval_subsets/hard_benign_test.csv,1116f3e1e507433f01bc76e5b731426596fcc2f523a507d8066e3a49215d555c
hb_lmsys_ai_adjacent_0000404,lmsys_ai_adjacent,eval_subsets/hard_benign_test.csv,aaf96ba8a768e7fb40c70d3a8fee9b1c07ed7cec45413434e4d43b0ed598fc0b
hb_lmsys_ai_adjacent_0000405,lmsys_ai_adjacent,eval_subsets/hard_benign_test.csv,89ef4411291847e6951ccb01b919c8ac382466df3635e3cf90c303234633ca44
hb_lmsys_ai_adjacent_0000407,lmsys_ai_adjacent,eval_subsets/hard_benign_test.csv,64adeeebcd678099d8b96a9237b7ed77135eb6200da34d25552b1730806b6821
hb_lmsys_ai_adjacent_0000408,lmsys_ai_adjacent,eval_subsets/hard_benign_test.csv,378a5401f72235f469b855657559d91169163c67b1cc433a98df7fda763bb89a
hb_lmsys_ai_adjacent_0000410,lmsys_ai_adjacent,eval_subsets/hard_benign_test.csv,7e64355698f42772680ecefef244e30a36a2dbaaaa32ed06051a8cba9609e5f3
hb_lmsys_ai_adjacent_0000411,lmsys_ai_adjacent,eval_subsets/hard_benign_test.csv,0742ddd745a18e4df9879a5a3878d21b3658b9215c0af88d4890124cb8525450
hb_lmsys_ai_adjacent_0000412,lmsys_ai_adjacent,eval_subsets/hard_benign_test.csv,2889ef46f17876b31e1a1fa0f8172fe98ec233e8b2ce9659695feccc6e91cf75
hb_lmsys_ai_adjacent_0000413,lmsys_ai_adjacent,eval_subsets/hard_benign_test.csv,0161af6eb1695883c565b97df926517a8cb71a6250101eb804202b6d50904fa1
hb_lmsys_ai_adjacent_0000416,lmsys_ai_adjacent,eval_subsets/hard_benign_test.csv,ffae27df07d4f95bad1e42b64c953babea1efe9beee341d17843ad85122ff05f
hb_lmsys_ai_adjacent_0000419,lmsys_ai_adjacent,eval_subsets/hard_benign_test.csv,2efd84f3c5e75e1f80d0881e0510512dea2ea84b7f4786ee244d5f117e0c92b3
hb_lmsys_ai_adjacent_0000420,lmsys_ai_adjacent,eval_subsets/hard_benign_test.csv,3cc68b72e2cbfe740a061ce54d7d7549e0686fa42694e36035d66dfa14adaaee
hb_lmsys_ai_adjacent_0000421,lmsys_ai_adjacent,eval_subsets/hard_benign_test.csv,e29a16484d402c3eca2c9deba469925c0e5b487e9e43131cca3901d7217206f2
hb_lmsys_ai_adjacent_0000423,lmsys_ai_adjacent,eval_subsets/hard_benign_test.csv,5754fa920433cf6ed1157be4dfb58fcbb698692ffe57f67355de361911dbb783
hb_lmsys_ai_adjacent_0000424,lmsys_ai_adjacent,eval_subsets/hard_benign_test.csv,477f380767747206bebdba9a63b1afb6b846a4d43e5b7bf14be35d83462ca93a
hb_lmsys_ai_adjacent_0000425,lmsys_ai_adjacent,eval_subsets/hard_benign_test.csv,19f54a5c60f3a1a2a89d6286f660612bbc352e4caa1b1940becadafe40600547
hb_lmsys_ai_adjacent_0000426,lmsys_ai_adjacent,eval_subsets/hard_benign_test.csv,b11325d68b507646a2e4b7fe59deb319dc112cf26e854a3387a9d20687f0bc5b
hb_lmsys_ai_adjacent_0000428,lmsys_ai_adjacent,eval_subsets/hard_benign_test.csv,61eeca7a553920793f14e1b26e34a0b5befb1557e94fbeda6c202508267b2e7d
hb_lmsys_ai_adjacent_0000430,lmsys_ai_adjacent,eval_subsets/hard_benign_test.csv,48686a2b0dd5548a6fabfedae401955142c8a1ae2cf1aebbcfd2ee430e88741c
hb_lmsys_ai_adjacent_0000432,lmsys_ai_adjacent,eval_subsets/hard_benign_test.csv,5eaee455a4c64d9710618f7d4f690b772a5c5dfde192fb42c5e1d8fb8d47d786
hb_lmsys_ai_adjacent_0000434,lmsys_ai_adjacent,eval_subsets/hard_benign_test.csv,3b510f7bc476461a605967507d8756ae3d0943f6e30655a3e0e069ace1f4284f
hb_lmsys_ai_adjacent_0000435,lmsys_ai_adjacent,eval_subsets/hard_benign_test.csv,55287bd2bde98897138483ab3098427b36e0e1258c2c06ffc85235bdb5d6008a
hb_lmsys_ai_adjacent_0000437,lmsys_ai_adjacent,eval_subsets/hard_benign_test.csv,4b825ef09803b4086726cdf60f9be35d4c37362e66e3a63bfbfaee97d4e6301f
hb_lmsys_ai_adjacent_0000438,lmsys_ai_adjacent,eval_subsets/hard_benign_test.csv,e2c866ef3b089fcabffa5748f8c231483cf1ef2733e60b56d273f7cbe043bf11
hb_lmsys_ai_adjacent_0000439,lmsys_ai_adjacent,eval_subsets/hard_benign_test.csv,f874adc8708f8c5500fde4a2175d718ceafa09c615626f2fa8b166ac1ebeffec
hb_lmsys_ai_adjacent_0000441,lmsys_ai_adjacent,eval_subsets/hard_benign_test.csv,aa69d71dd35adba4431285e4b117ea5f7e2a048b236718311b72534fdc0c7c4b
hb_lmsys_ai_adjacent_0000442,lmsys_ai_adjacent,eval_subsets/hard_benign_test.csv,7b94da9e99f87bf8553d57255311aa3e2ead7847304d2edd99c81ed36148ef5e
hb_lmsys_ai_adjacent_0000443,lmsys_ai_adjacent,eval_subsets/hard_benign_test.csv,2ef0f2f74eb29a841f8601a66929408c806a08cc2be3eb41b8570cbaf8927fde
hb_lmsys_ai_adjacent_0000444,lmsys_ai_adjacent,eval_subsets/hard_benign_test.csv,bd0a1bba67f3337db4734f5d705314c716723b00af490d8f09f1286fef66c8f7
hb_lmsys_ai_adjacent_0000445,lmsys_ai_adjacent,eval_subsets/hard_benign_test.csv,95fcdc56cc173a967d7d37400a69825e2930948ef4f82ee6005c67cc881e83c8
hb_lmsys_ai_adjacent_0000446,lmsys_ai_adjacent,eval_subsets/hard_benign_test.csv,27e5b34586472447b465c21620004095f5a9cdfc3304d2d9950b2e1febd6ffe5
hb_lmsys_ai_adjacent_0000447,lmsys_ai_adjacent,eval_subsets/hard_benign_test.csv,0d8b0666894abd84250efb26af7b2d197440ab8e7903bd65d0389a28b19bf4b4
hb_lmsys_ai_adjacent_0000449,lmsys_ai_adjacent,eval_subsets/hard_benign_test.csv,1c3d1de33754fac833ed4d058de96ab93d20171bd44f9b85456c3a2ce54eef8b
hb_lmsys_ai_adjacent_0000452,lmsys_ai_adjacent,eval_subsets/hard_benign_test.csv,5c1c3c69d5b8d3b9f7dddc4367c5d020eb77120682fcbb0cf356aa901edf0805
hb_lmsys_ai_adjacent_0000453,lmsys_ai_adjacent,eval_subsets/hard_benign_test.csv,4b3f363da22715b8f5afec89818dce48e66f29781b7d864e78d23c2e271a3056
hb_lmsys_ai_adjacent_0000454,lmsys_ai_adjacent,eval_subsets/hard_benign_test.csv,a593b44b8352b3930322d37aa2a21e5e695e2b0511c1654519af328235b1f110
hb_lmsys_ai_adjacent_0000455,lmsys_ai_adjacent,eval_subsets/hard_benign_test.csv,9904aaf6d4883bbda9d3d6d7b513848d0767f1e69493dfbe6c22b63ce5ad96e1
hb_lmsys_ai_adjacent_0000456,lmsys_ai_adjacent,eval_subsets/hard_benign_test.csv,4576700f0751d89553fe7a7efeef9a41e7ab993e39269699742d282bdf8071b6
hb_lmsys_ai_adjacent_0000457,lmsys_ai_adjacent,eval_subsets/hard_benign_test.csv,b1623fee1f86bf99f7b72b92e5efcaa40e77e27d62956b6d72cf47639b22beca
hb_lmsys_ai_adjacent_0000459,lmsys_ai_adjacent,eval_subsets/hard_benign_test.csv,5bdf3e350a37efd6139b68af23f7426320b2e54eab1f0ce5906aae3249ddfec6
hb_lmsys_ai_adjacent_0000462,lmsys_ai_adjacent,eval_subsets/hard_benign_test.csv,0b466186e463a6855d967842b26b67bb7a47653fb8ff7270341e9f272fbc0ef8
hb_lmsys_ai_adjacent_0000465,lmsys_ai_adjacent,eval_subsets/hard_benign_test.csv,bdc1829d5244a81d55adc108bfaa2b01e2e77d73df54fe351221b310671dfecb
hb_lmsys_ai_adjacent_0000466,lmsys_ai_adjacent,eval_subsets/hard_benign_test.csv,260af03eaeb480a6a9a7e3f7460bc80750f23885e8f18c223e8b28422ef31e61
hb_lmsys_ai_adjacent_0000468,lmsys_ai_adjacent,eval_subsets/hard_benign_test.csv,a88b960f34be88a47f8eb36a2c1951aa8cd6bcf6c5418ed3dd1936ca24e29468
hb_lmsys_ai_adjacent_0000469,lmsys_ai_adjacent,eval_subsets/hard_benign_test.csv,98c24db95cfa3f425b676e460c8999e2a638718f186ca134c90390ff05aebf21
hb_lmsys_ai_adjacent_0000471,lmsys_ai_adjacent,eval_subsets/hard_benign_test.csv,35019b80a6a3f231605fa9b0d99d8f84692764837d0497b88fbf4dc613f19426
hb_lmsys_ai_adjacent_0000472,lmsys_ai_adjacent,eval_subsets/hard_benign_test.csv,382ccb7c4e0e36169a96bdbbb11a54b7d71bec7710774083720b70818b52ec7c
hb_lmsys_ai_adjacent_0000473,lmsys_ai_adjacent,eval_subsets/hard_benign_test.csv,9228f4dac1209a49855109c6ba2f5127c5d687055ae8f3ace2fa46b4c7be6c9e
hb_lmsys_ai_adjacent_0000474,lmsys_ai_adjacent,eval_subsets/hard_benign_test.csv,eb7ec0bd23ba9a1a30201899c630530e024ed312df6f025b444b4d2c2ed8dbac
hb_lmsys_ai_adjacent_0000475,lmsys_ai_adjacent,eval_subsets/hard_benign_test.csv,67372caefe6475556ea4d804e2aefd0a6688d01d9a30573704c5c55bbe3805c0
hb_lmsys_ai_adjacent_0000476,lmsys_ai_adjacent,eval_subsets/hard_benign_test.csv,91673cca5b7f3b35783138f2b56833f53ed916a64b0ea226089c5d0e328d0838
hb_lmsys_ai_adjacent_0000477,lmsys_ai_adjacent,eval_subsets/hard_benign_test.csv,30b01f562c0e7d05681a092d2e319c71d075ee6bc21cd3522ad47196c7f75406
hb_lmsys_ai_adjacent_0000480,lmsys_ai_adjacent,eval_subsets/hard_benign_test.csv,b638a0ca2ebb1abff2e521c0efb621fac02117f35d84a9cb9607f62e24911aad
hb_lmsys_ai_adjacent_0000481,lmsys_ai_adjacent,eval_subsets/hard_benign_test.csv,45a8677cb7103341953367d76b7198c1e526c14b9acae8f6b678b3d333e19469
hb_lmsys_ai_adjacent_0000482,lmsys_ai_adjacent,eval_subsets/hard_benign_test.csv,aed02e405beb42c4c03e70b40a133b6c5db728784ac0555732171363f21d131b
hb_lmsys_ai_adjacent_0000483,lmsys_ai_adjacent,eval_subsets/hard_benign_test.csv,fcd36e87f11b6f3343c167f0afc63933670a29677382700e1d6af5357052a1c3
hb_lmsys_ai_adjacent_0000484,lmsys_ai_adjacent,eval_subsets/hard_benign_test.csv,0223983e44f04299492b8b665a6f0ce8aa5281bed08e78c8dc06203542956519
hb_lmsys_ai_adjacent_0000487,lmsys_ai_adjacent,eval_subsets/hard_benign_test.csv,4809d21f50374d66bc5b8391d90c84d750ce860bd81f1b6a78a6d007d020eeb7
hb_lmsys_ai_adjacent_0000488,lmsys_ai_adjacent,eval_subsets/hard_benign_test.csv,6aedad3dce995a4c57afc4b0d8f3f07a5a8fdc6ce0d34012c0d40106fd55487f
hb_lmsys_ai_adjacent_0000489,lmsys_ai_adjacent,eval_subsets/hard_benign_test.csv,2089a9e3f51914ca02784e80aad3aad0847eeb1dd9edd02e8e8fbd16ac06fbdc
hb_lmsys_ai_adjacent_0000490,lmsys_ai_adjacent,eval_subsets/hard_benign_test.csv,7f870dd3cd81ec851fb358c81dff1f8e6f3bcb87d63825f733623669e3eadc23
hb_lmsys_ai_adjacent_0000491,lmsys_ai_adjacent,eval_subsets/hard_benign_test.csv,d988c96f67b9f8701f8419d27f857685bf6b76db6acb9612c1a87134e90d39e1
hb_lmsys_ai_adjacent_0000492,lmsys_ai_adjacent,eval_subsets/hard_benign_test.csv,3557527dd3261882fc65a4b54ad69e3655680ea48a7a79cada893b9869e550ff
hb_lmsys_ai_adjacent_0000493,lmsys_ai_adjacent,eval_subsets/hard_benign_test.csv,d91fe842f22c6d54146e23a3987ecd9a6b422086cde94ff2e889e17301176acd
hb_lmsys_ai_adjacent_0000494,lmsys_ai_adjacent,eval_subsets/hard_benign_test.csv,05531f836740ee95718ba9a9af1c263ef16caa166173b6f6dc20cfb7e58480a5
hb_lmsys_ai_adjacent_0000495,lmsys_ai_adjacent,eval_subsets/hard_benign_test.csv,bb581a098aa780ec589d13bde036ad59dd5dec946098bdb21b5b2291e200a0e9
hb_lmsys_ai_adjacent_0000499,lmsys_ai_adjacent,eval_subsets/hard_benign_test.csv,d9cafc3a8925ad72d3ce7c95c475a292579e239c013ad021920eac2a3933b423
hb_lmsys_ai_adjacent_0000500,lmsys_ai_adjacent,eval_subsets/hard_benign_test.csv,20c4c85f436355a4e6f950663a1f7d6dfcc1cc0baee270bebc8fc43cf8fb2bd9
hb_lmsys_ai_adjacent_0000502,lmsys_ai_adjacent,eval_subsets/hard_benign_test.csv,e4535efabef1c53c181357f0c4ad07b182a66a4840962179007023c807fbe9ac
hb_lmsys_ai_adjacent_0000505,lmsys_ai_adjacent,eval_subsets/hard_benign_test.csv,0527213e6c7d366959d218fac5f15984def32e1978b7c15d2fe1cc8f6f95826f
hb_lmsys_ai_adjacent_0000506,lmsys_ai_adjacent,eval_subsets/hard_benign_test.csv,72bc1af2bc89a2330082e18c2a92dd31b680ef776f818f320ae4e93732b3dea5
hb_lmsys_ai_adjacent_0000507,lmsys_ai_adjacent,eval_subsets/hard_benign_test.csv,05be16fc5700209e238770debb879fc6da37a2150120f48f5b09c908b64dde5b
hb_lmsys_ai_adjacent_0000508,lmsys_ai_adjacent,eval_subsets/hard_benign_test.csv,cae6bd6e144d94ea19ecdb5aeb429a1f656a3710cac63445b66c11655c5b4074
hb_lmsys_ai_adjacent_0000510,lmsys_ai_adjacent,eval_subsets/hard_benign_test.csv,bfda40d0976ab5108d12955ddf03369439b61eb0760d322021f5bab02dfd4190
hb_lmsys_ai_adjacent_0000517,lmsys_ai_adjacent,eval_subsets/hard_benign_test.csv,01cead7ceccaa18ee6ff1dc245b5ea7c5039098ba6f93b498f892e4dd6dc3f0d
hb_lmsys_ai_adjacent_0000518,lmsys_ai_adjacent,eval_subsets/hard_benign_test.csv,3955853b68edff5143587ab56ae345ade80927e60d7a34d1f7bcc7004b74dbd1
hb_lmsys_ai_adjacent_0000520,lmsys_ai_adjacent,eval_subsets/hard_benign_test.csv,413d2fdc746d0af87505f7ea92c7660a48d4d1592f84455ffb5dee544e431b95
hb_lmsys_ai_adjacent_0000523,lmsys_ai_adjacent,eval_subsets/hard_benign_test.csv,4b54891e68beb466b314e55b1bcc2cacb4b6ab1a5523eedde0847e2ea831ef6c
hb_lmsys_ai_adjacent_0000526,lmsys_ai_adjacent,eval_subsets/hard_benign_test.csv,f9f643c6082afdee9cd423cd124f35513d6ef32c9d2b278b44f68c7299cc7ca5
hb_lmsys_ai_adjacent_0000528,lmsys_ai_adjacent,eval_subsets/hard_benign_test.csv,332e33dbbc0b204b9b5339660d8a52879c3b8a6008bc128ffabc6dee161c987c
hb_lmsys_ai_adjacent_0000532,lmsys_ai_adjacent,eval_subsets/hard_benign_test.csv,4ce51a056c2c59d119f2767a87e9254965e5acf0d883a3c2b81e7bd5d22aad31
hb_lmsys_ai_adjacent_0000534,lmsys_ai_adjacent,eval_subsets/hard_benign_test.csv,7aa6bfb8a0fd81e4e4f61a5481d46825f8252c5fd890d9509012fa3e70553bb1
hb_lmsys_ai_adjacent_0000535,lmsys_ai_adjacent,eval_subsets/hard_benign_test.csv,1dda2b8a6ca44b9f94ad6b662f95b349680bf65031fb475238485737e31b14a6
hb_lmsys_ai_adjacent_0000536,lmsys_ai_adjacent,eval_subsets/hard_benign_test.csv,7815a6be985f2cfc360ed936353e9c9ff94f1e40af37909fde5c42a1b97b4c3c
hb_lmsys_ai_adjacent_0000538,lmsys_ai_adjacent,eval_subsets/hard_benign_test.csv,6ed33d3451a2b6a455397a45e2b6bc2206912190db84d59ddce09e5889c4a9ce
hb_lmsys_ai_adjacent_0000539,lmsys_ai_adjacent,eval_subsets/hard_benign_test.csv,6bae44a224f5da7095edb2a1300d48f2793e8ea28db2f49d80ab94864233ece6
hb_lmsys_ai_adjacent_0000540,lmsys_ai_adjacent,eval_subsets/hard_benign_test.csv,917201ed7f75b9632b2e2bc99f3d16d75d7c636f4079ae2397efbb684cdc9216
hb_lmsys_ai_adjacent_0000542,lmsys_ai_adjacent,eval_subsets/hard_benign_test.csv,d1bbe11b5f93e6f13a2bf9df032d1c33c515c972d8d77df412945baed83b0148
hb_lmsys_ai_adjacent_0000543,lmsys_ai_adjacent,eval_subsets/hard_benign_test.csv,df491f8fbd6a603999ab38dc3addc21a8180c76eab96b392f96a958ddf6fef94
hb_lmsys_ai_adjacent_0000544,lmsys_ai_adjacent,eval_subsets/hard_benign_test.csv,37bcbcde9afbaa5055f8137096bb3117c023984932080269639f2db63c988c9b
hb_lmsys_ai_adjacent_0000546,lmsys_ai_adjacent,eval_subsets/hard_benign_test.csv,d39147c1a3f8999afcf6c2c74ba11b3d18b11203f4d90e23fdf08ad0dd106f74
hb_lmsys_ai_adjacent_0000547,lmsys_ai_adjacent,eval_subsets/hard_benign_test.csv,3a7470e76dcee0632ff8207c49e8f4947f003716217aaf7f549393cc0d06587d
hb_lmsys_ai_adjacent_0000549,lmsys_ai_adjacent,eval_subsets/hard_benign_test.csv,e56df2256d7939a528f4e4c89dec242999633d8be97935579746585b9ed40f10
hb_lmsys_ai_adjacent_0000551,lmsys_ai_adjacent,eval_subsets/hard_benign_test.csv,dbfcea466e1227520358adadf3627f223c3c0cce00811a8d88cf29eea609dd7d
hb_lmsys_ai_adjacent_0000554,lmsys_ai_adjacent,eval_subsets/hard_benign_test.csv,6efef45cf7d3591dc9584390fd0b9a081bf2190c34bac880cb37f911900cd5ae
hb_lmsys_ai_adjacent_0000555,lmsys_ai_adjacent,eval_subsets/hard_benign_test.csv,be67c31aad236f0f654004c58dd2877d3bf5dea9953c730a3a46f973c9fad569
hb_lmsys_ai_adjacent_0000557,lmsys_ai_adjacent,eval_subsets/hard_benign_test.csv,2b5406644aa3e6e6e608c2cff2fb04fdfe9706d85527c20b3dc3276452afa05c
hb_lmsys_ai_adjacent_0000558,lmsys_ai_adjacent,eval_subsets/hard_benign_test.csv,4051bb2a78ccaa8554fd945d63f01cbe2e24b8dd3f94a71b76852196640342c5
hb_lmsys_ai_adjacent_0000561,lmsys_ai_adjacent,eval_subsets/hard_benign_test.csv,b496e08edcccfffb10fafec66d4f9334e57d9e7dd219d285e9b35c0d17316929
hb_lmsys_ai_adjacent_0000562,lmsys_ai_adjacent,eval_subsets/hard_benign_test.csv,777764c104795e25c63198aad7972eb782146f3cc8ee2dd634bb3334867724ba
hb_lmsys_ai_adjacent_0000563,lmsys_ai_adjacent,eval_subsets/hard_benign_test.csv,c0306085b952ae36cf672b8cf05c9b70861368f72173c6bbae642fa15d12d18c
hb_lmsys_ai_adjacent_0000564,lmsys_ai_adjacent,eval_subsets/hard_benign_test.csv,bc75c3ae04bf44a7ec0ad555684683155014a093da7742fd337ab15e8bca9803
hb_lmsys_ai_adjacent_0000567,lmsys_ai_adjacent,eval_subsets/hard_benign_test.csv,27aef38bc5266ac02d965e7369b4a5a43eac4c3cddbb271a9b341a87077d5794
hb_lmsys_ai_adjacent_0000568,lmsys_ai_adjacent,eval_subsets/hard_benign_test.csv,113669716ebf5784f1fb24767b350421aa6d5c9300837966225eedc8c1f01bd8
hb_lmsys_ai_adjacent_0000569,lmsys_ai_adjacent,eval_subsets/hard_benign_test.csv,51b44470d12c08a485e37b2dd319c19b92bb1eb3b43778a1ec49574a84ce50bc
hb_lmsys_ai_adjacent_0000571,lmsys_ai_adjacent,eval_subsets/hard_benign_test.csv,f9e2c1b16c27a168afb374378f6a3d5c14722d7053bb45aa8ce2806b876e801e
hb_lmsys_ai_adjacent_0000572,lmsys_ai_adjacent,eval_subsets/hard_benign_test.csv,f3e62c14156339f06b2519133b0116a8ad56b171b098236f936b7c906f9998ba
hb_lmsys_ai_adjacent_0000574,lmsys_ai_adjacent,eval_subsets/hard_benign_test.csv,4902a1c2f797aeae50494b8deeca5420b9df9b99baf2beb60a9d9057f120048b
hb_lmsys_ai_adjacent_0000575,lmsys_ai_adjacent,eval_subsets/hard_benign_test.csv,0186213a1df7b0896d85762867fe3b3bd83398bc366a64e33ce85aceeab64d2a
hb_lmsys_ai_adjacent_0000576,lmsys_ai_adjacent,eval_subsets/hard_benign_test.csv,89f8d5aa71c31793245b343c9a5dfe4ef01d464ee47f375f3686bdb33118f2d5
hb_lmsys_ai_adjacent_0000578,lmsys_ai_adjacent,eval_subsets/hard_benign_test.csv,4f75ee2a260a88694181922f98773ead3bd0dea863d7c063aa969889279c9a34
hb_lmsys_ai_adjacent_0000579,lmsys_ai_adjacent,eval_subsets/hard_benign_test.csv,27b2ba93830841be5acf546f6413e0bc6262672bd5c2ca76b827642e13bc153a
hb_lmsys_ai_adjacent_0000580,lmsys_ai_adjacent,eval_subsets/hard_benign_test.csv,955cd23de8ca8157ddf1321f0ddaf6d6206b948a56a7de08b00ecbc57e5b9ccb
hb_lmsys_ai_adjacent_0000581,lmsys_ai_adjacent,eval_subsets/hard_benign_test.csv,ae15af76f9ee6ab30f1e9e783648200ed4754151d7b7d25f02d928a389568750
hb_lmsys_ai_adjacent_0000582,lmsys_ai_adjacent,eval_subsets/hard_benign_test.csv,adaf5dd71066f69c64dfa9f9d7a52a1252bdb243d5c5a04d8de298398aa6f94d
hb_lmsys_ai_adjacent_0000584,lmsys_ai_adjacent,eval_subsets/hard_benign_test.csv,2706d95845ecb0d8d562b8b55cfdea747df1cc5dac437e623b771fbc8d728ab6
hb_lmsys_ai_adjacent_0000585,lmsys_ai_adjacent,eval_subsets/hard_benign_test.csv,ff588d0458397546b88fcab4551370d8863fdc02813727629fc4705f41f20f56
hb_lmsys_ai_adjacent_0000586,lmsys_ai_adjacent,eval_subsets/hard_benign_test.csv,a908740b6ed1705f8811d16c2152051fab6b18244d382ee89fbd11f7afdfc2a9
hb_lmsys_ai_adjacent_0000587,lmsys_ai_adjacent,eval_subsets/hard_benign_test.csv,cec44439644572d2028d71efa3302998908a3744e4469239f1ef05ff0585fc05
hb_lmsys_ai_adjacent_0000588,lmsys_ai_adjacent,eval_subsets/hard_benign_test.csv,ca640ff88f0c9ee99f9ab97a624422eefffa2da1f821da4c2f7b4ec6d92775ba
hb_lmsys_ai_adjacent_0000589,lmsys_ai_adjacent,eval_subsets/hard_benign_test.csv,caa51caf2a1cc689706bef7843854c02dea84725cd46246fa310835c4f8dc821
hb_lmsys_ai_adjacent_0000590,lmsys_ai_adjacent,eval_subsets/hard_benign_test.csv,14b731a7ad63396c9ebf8f14c03f91e0f2d697d69dd32e1f0855c26a781fba2d
hb_lmsys_ai_adjacent_0000591,lmsys_ai_adjacent,eval_subsets/hard_benign_test.csv,7a4a44eb8d78950950ea248674bc69816a96197c2e8db59cd024621226d4525f
hb_lmsys_ai_adjacent_0000592,lmsys_ai_adjacent,eval_subsets/hard_benign_test.csv,096171dd8bb849e8b91400d1725a6362837604720521cb54c022a10c6e0d43df
hb_lmsys_ai_adjacent_0000596,lmsys_ai_adjacent,eval_subsets/hard_benign_test.csv,0cb8a806a1702b6ace47937040eaccce54641e02c33b6e2fd1938528e796e8a5
hb_lmsys_ai_adjacent_0000599,lmsys_ai_adjacent,eval_subsets/hard_benign_test.csv,dff6138032fecb223144124aef6ee82beb192b3e50f246f820f7f20807fb2989
