tau,test_F1,hb_FPR_agg,hb_FPR_real,hb_FPR_curated
0.0,0.691383,1.0,1.0,1.0
0.002,0.984453,0.540842,0.168269,0.67
0.004,0.987038,0.529703,0.168269,0.655
0.006,0.987269,0.527228,0.163462,0.653333
0.008,0.988456,0.523515,0.158654,0.65
0.01,0.988694,0.519802,0.158654,0.645
0.012,0.98845,0.514851,0.158654,0.638333
0.014,0.98845,0.512376,0.158654,0.635
0.016,0.988688,0.511139,0.153846,0.635
0.018,0.989403,0.508663,0.153846,0.631667
0.02,0.989403,0.503713,0.149038,0.626667
0.022,0.989159,0.502475,0.149038,0.625
0.024,0.989159,0.502475,0.149038,0.625
0.026,0.989398,0.501238,0.149038,0.623333
0.028,0.989398,0.501238,0.149038,0.623333
0.03,0.989398,0.501238,0.149038,0.623333
0.032,0.989636,0.5,0.149038,0.621667
0.034,0.989636,0.498762,0.149038,0.62
0.036,0.989636,0.497525,0.149038,0.618333
0.038,0.989636,0.497525,0.149038,0.618333
0.04,0.989636,0.49505,0.149038,0.615
0.042,0.989636,0.49505,0.149038,0.615
0.044,0.989636,0.49505,0.149038,0.615
0.046,0.989636,0.492574,0.149038,0.611667
0.048,0.989636,0.491337,0.149038,0.61
0.05,0.989636,0.491337,0.149038,0.61
0.052,0.989636,0.490099,0.149038,0.608333
0.054,0.989636,0.490099,0.149038,0.608333
0.056,0.989636,0.490099,0.149038,0.608333
0.058,0.989636,0.490099,0.149038,0.608333
0.06,0.989392,0.490099,0.149038,0.608333
0.062,0.989392,0.490099,0.149038,0.608333
0.064,0.989392,0.490099,0.149038,0.608333
0.066,0.989392,0.490099,0.149038,0.608333
0.068,0.989149,0.490099,0.149038,0.608333
0.07,0.988905,0.488861,0.149038,0.606667
0.072,0.988905,0.488861,0.149038,0.606667
0.074,0.988905,0.487624,0.149038,0.605
0.076,0.988905,0.487624,0.149038,0.605
0.078,0.988905,0.487624,0.149038,0.605
0.08,0.988905,0.487624,0.149038,0.605
0.082,0.988905,0.487624,0.149038,0.605
0.084,0.988905,0.487624,0.149038,0.605
0.086,0.988905,0.487624,0.149038,0.605
0.088,0.988905,0.487624,0.149038,0.605
0.09,0.988905,0.487624,0.149038,0.605
0.092,0.988905,0.487624,0.149038,0.605
0.094,0.988905,0.487624,0.149038,0.605
0.096,0.988661,0.486386,0.149038,0.603333
0.098,0.988661,0.486386,0.149038,0.603333
0.1,0.988661,0.486386,0.149038,0.603333
0.102,0.988661,0.485149,0.144231,0.603333
0.104,0.988661,0.485149,0.144231,0.603333
0.106,0.988661,0.485149,0.144231,0.603333
0.108,0.988661,0.485149,0.144231,0.603333
0.11,0.988661,0.485149,0.144231,0.603333
0.112,0.988661,0.485149,0.144231,0.603333
0.114,0.988661,0.485149,0.144231,0.603333
0.116,0.988661,0.485149,0.144231,0.603333
0.118,0.988661,0.483911,0.144231,0.601667
0.12,0.988661,0.483911,0.144231,0.601667
0.122,0.988661,0.483911,0.144231,0.601667
0.124,0.988661,0.483911,0.144231,0.601667
0.126,0.988661,0.483911,0.144231,0.601667
0.128,0.988661,0.483911,0.144231,0.601667
0.13,0.988661,0.483911,0.144231,0.601667
0.132,0.988661,0.483911,0.144231,0.601667
0.134,0.988661,0.483911,0.144231,0.601667
0.136,0.988661,0.483911,0.144231,0.601667
0.138,0.988661,0.483911,0.144231,0.601667
0.14,0.988661,0.483911,0.144231,0.601667
0.142,0.988661,0.483911,0.144231,0.601667
0.144,0.988661,0.483911,0.144231,0.601667
0.146,0.988661,0.483911,0.144231,0.601667
0.148,0.988661,0.483911,0.144231,0.601667
0.15,0.988661,0.483911,0.144231,0.601667
0.152,0.988661,0.483911,0.144231,0.601667
0.154,0.988661,0.483911,0.144231,0.601667
0.156,0.988661,0.482673,0.144231,0.6
0.158,0.988661,0.482673,0.144231,0.6
0.16,0.9889,0.482673,0.144231,0.6
0.162,0.9889,0.482673,0.144231,0.6
0.164,0.9889,0.482673,0.144231,0.6
0.166,0.9889,0.482673,0.144231,0.6
0.168,0.9889,0.482673,0.144231,0.6
0.17,0.9889,0.482673,0.144231,0.6
0.172,0.9889,0.482673,0.144231,0.6
0.174,0.9889,0.482673,0.144231,0.6
0.176,0.9889,0.482673,0.144231,0.6
0.178,0.9889,0.482673,0.144231,0.6
0.18,0.9889,0.482673,0.144231,0.6
0.182,0.9889,0.482673,0.144231,0.6
0.184,0.9889,0.482673,0.144231,0.6
0.186,0.9889,0.482673,0.144231,0.6
0.188,0.9889,0.482673,0.144231,0.6
0.19,0.9889,0.482673,0.144231,0.6
0.192,0.9889,0.482673,0.144231,0.6
0.194,0.9889,0.482673,0.144231,0.6
0.196,0.9889,0.482673,0.144231,0.6
0.198,0.9889,0.481436,0.144231,0.598333
0.2,0.9889,0.481436,0.144231,0.598333
0.202,0.9889,0.481436,0.144231,0.598333
0.204,0.9889,0.481436,0.144231,0.598333
0.206,0.9889,0.481436,0.144231,0.598333
0.208,0.9889,0.481436,0.144231,0.598333
0.21,0.9889,0.481436,0.144231,0.598333
0.212,0.9889,0.481436,0.144231,0.598333
0.214,0.9889,0.481436,0.144231,0.598333
0.216,0.9889,0.481436,0.144231,0.598333
0.218,0.9889,0.481436,0.144231,0.598333
0.22,0.9889,0.481436,0.144231,0.598333
0.222,0.9889,0.481436,0.144231,0.598333
0.224,0.9889,0.481436,0.144231,0.598333
0.226,0.9889,0.481436,0.144231,0.598333
0.228,0.9889,0.481436,0.144231,0.598333
0.23,0.9889,0.481436,0.144231,0.598333
0.232,0.9889,0.481436,0.144231,0.598333
0.234,0.9889,0.481436,0.144231,0.598333
0.236,0.9889,0.481436,0.144231,0.598333
0.238,0.9889,0.481436,0.144231,0.598333
0.24,0.9889,0.481436,0.144231,0.598333
0.242,0.9889,0.481436,0.144231,0.598333
0.244,0.9889,0.481436,0.144231,0.598333
0.246,0.9889,0.481436,0.144231,0.598333
0.248,0.9889,0.481436,0.144231,0.598333
0.25,0.9889,0.481436,0.144231,0.598333
0.252,0.9889,0.481436,0.144231,0.598333
0.254,0.9889,0.481436,0.144231,0.598333
0.256,0.9889,0.481436,0.144231,0.598333
0.258,0.9889,0.481436,0.144231,0.598333
0.26,0.9889,0.481436,0.144231,0.598333
0.262,0.9889,0.481436,0.144231,0.598333
0.264,0.9889,0.481436,0.144231,0.598333
0.266,0.9889,0.481436,0.144231,0.598333
0.268,0.9889,0.481436,0.144231,0.598333
0.27,0.9889,0.481436,0.144231,0.598333
0.272,0.9889,0.481436,0.144231,0.598333
0.274,0.9889,0.480198,0.144231,0.596667
0.276,0.9889,0.480198,0.144231,0.596667
0.278,0.9889,0.480198,0.144231,0.596667
0.28,0.9889,0.480198,0.144231,0.596667
0.282,0.9889,0.480198,0.144231,0.596667
0.284,0.9889,0.47896,0.139423,0.596667
0.286,0.9889,0.47896,0.139423,0.596667
0.288,0.9889,0.47896,0.139423,0.596667
0.29,0.9889,0.47896,0.139423,0.596667
0.292,0.9889,0.47896,0.139423,0.596667
0.294,0.9889,0.47896,0.139423,0.596667
0.296,0.9889,0.47896,0.139423,0.596667
0.298,0.9889,0.477723,0.139423,0.595
0.3,0.9889,0.477723,0.139423,0.595
0.302,0.9889,0.477723,0.139423,0.595
0.304,0.9889,0.476485,0.139423,0.593333
0.306,0.9889,0.476485,0.139423,0.593333
0.308,0.9889,0.476485,0.139423,0.593333
0.31,0.9889,0.476485,0.139423,0.593333
0.312,0.9889,0.476485,0.139423,0.593333
0.314,0.9889,0.476485,0.139423,0.593333
0.316,0.9889,0.476485,0.139423,0.593333
0.318,0.9889,0.476485,0.139423,0.593333
0.32,0.9889,0.476485,0.139423,0.593333
0.322,0.9889,0.475248,0.139423,0.591667
0.324,0.9889,0.475248,0.139423,0.591667
0.326,0.9889,0.475248,0.139423,0.591667
0.328,0.9889,0.475248,0.139423,0.591667
0.33,0.9889,0.475248,0.139423,0.591667
0.332,0.9889,0.475248,0.139423,0.591667
0.334,0.9889,0.475248,0.139423,0.591667
0.336,0.9889,0.475248,0.139423,0.591667
0.338,0.9889,0.475248,0.139423,0.591667
0.34,0.9889,0.475248,0.139423,0.591667
0.342,0.9889,0.475248,0.139423,0.591667
0.344,0.9889,0.475248,0.139423,0.591667
0.346,0.9889,0.475248,0.139423,0.591667
0.348,0.9889,0.475248,0.139423,0.591667
0.35,0.9889,0.475248,0.139423,0.591667
0.352,0.9889,0.475248,0.139423,0.591667
0.354,0.9889,0.475248,0.139423,0.591667
0.356,0.9889,0.475248,0.139423,0.591667
0.358,0.9889,0.475248,0.139423,0.591667
0.36,0.9889,0.475248,0.139423,0.591667
0.362,0.9889,0.475248,0.139423,0.591667
0.364,0.9889,0.475248,0.139423,0.591667
0.366,0.9889,0.475248,0.139423,0.591667
0.368,0.9889,0.475248,0.139423,0.591667
0.37,0.9889,0.475248,0.139423,0.591667
0.372,0.9889,0.475248,0.139423,0.591667
0.374,0.9889,0.475248,0.139423,0.591667
0.376,0.9889,0.475248,0.139423,0.591667
0.378,0.9889,0.475248,0.139423,0.591667
0.38,0.9889,0.475248,0.139423,0.591667
0.382,0.9889,0.475248,0.139423,0.591667
0.384,0.9889,0.475248,0.139423,0.591667
0.386,0.9889,0.47401,0.134615,0.591667
0.388,0.9889,0.47401,0.134615,0.591667
0.39,0.9889,0.47401,0.134615,0.591667
0.392,0.9889,0.47401,0.134615,0.591667
0.394,0.9889,0.47401,0.134615,0.591667
0.396,0.9889,0.47401,0.134615,0.591667
0.398,0.9889,0.47401,0.134615,0.591667
0.4,0.9889,0.47401,0.134615,0.591667
0.402,0.9889,0.47401,0.134615,0.591667
0.404,0.9889,0.47401,0.134615,0.591667
0.406,0.9889,0.47401,0.134615,0.591667
0.408,0.9889,0.47401,0.134615,0.591667
0.41,0.9889,0.471535,0.134615,0.588333
0.412,0.9889,0.471535,0.134615,0.588333
0.414,0.9889,0.471535,0.134615,0.588333
0.416,0.9889,0.471535,0.134615,0.588333
0.418,0.9889,0.470297,0.134615,0.586667
0.42,0.9889,0.470297,0.134615,0.586667
0.422,0.9889,0.470297,0.134615,0.586667
0.424,0.9889,0.469059,0.134615,0.585
0.426,0.9889,0.469059,0.134615,0.585
0.428,0.9889,0.469059,0.134615,0.585
0.43,0.9889,0.469059,0.134615,0.585
0.432,0.9889,0.469059,0.134615,0.585
0.434,0.9889,0.469059,0.134615,0.585
0.436,0.9889,0.469059,0.134615,0.585
0.438,0.9889,0.469059,0.134615,0.585
0.44,0.9889,0.469059,0.134615,0.585
0.442,0.9889,0.469059,0.134615,0.585
0.444,0.9889,0.469059,0.134615,0.585
0.446,0.9889,0.469059,0.134615,0.585
0.448,0.9889,0.469059,0.134615,0.585
0.45,0.9889,0.469059,0.134615,0.585
0.452,0.9889,0.469059,0.134615,0.585
0.454,0.9889,0.467822,0.129808,0.585
0.456,0.9889,0.467822,0.129808,0.585
0.458,0.9889,0.467822,0.129808,0.585
0.46,0.9889,0.467822,0.129808,0.585
0.462,0.9889,0.467822,0.129808,0.585
0.464,0.9889,0.467822,0.129808,0.585
0.466,0.9889,0.467822,0.129808,0.585
0.468,0.9889,0.467822,0.129808,0.585
0.47,0.9889,0.467822,0.129808,0.585
0.472,0.9889,0.467822,0.129808,0.585
0.474,0.9889,0.467822,0.129808,0.585
0.476,0.9889,0.467822,0.129808,0.585
0.478,0.9889,0.467822,0.129808,0.585
0.48,0.9889,0.467822,0.129808,0.585
0.482,0.989138,0.467822,0.129808,0.585
0.484,0.989138,0.467822,0.129808,0.585
0.486,0.989138,0.467822,0.129808,0.585
0.488,0.989138,0.467822,0.129808,0.585
0.49,0.989138,0.467822,0.129808,0.585
0.492,0.989138,0.467822,0.129808,0.585
0.494,0.989138,0.466584,0.129808,0.583333
0.496,0.989138,0.466584,0.129808,0.583333
0.498,0.989138,0.465347,0.129808,0.581667
0.5,0.989138,0.465347,0.129808,0.581667
0.502,0.989138,0.465347,0.129808,0.581667
0.504,0.989138,0.465347,0.129808,0.581667
0.506,0.989138,0.465347,0.129808,0.581667
0.508,0.989138,0.465347,0.129808,0.581667
0.51,0.989138,0.465347,0.129808,0.581667
0.512,0.989138,0.465347,0.129808,0.581667
0.514,0.989138,0.465347,0.129808,0.581667
0.516,0.989138,0.465347,0.129808,0.581667
0.518,0.989138,0.465347,0.129808,0.581667
0.52,0.989138,0.465347,0.129808,0.581667
0.522,0.989138,0.465347,0.129808,0.581667
0.524,0.989138,0.465347,0.129808,0.581667
0.526,0.989138,0.465347,0.129808,0.581667
0.528,0.989138,0.465347,0.129808,0.581667
0.53,0.989138,0.465347,0.129808,0.581667
0.532,0.989138,0.465347,0.129808,0.581667
0.534,0.989138,0.465347,0.129808,0.581667
0.536,0.989138,0.465347,0.129808,0.581667
0.538,0.989138,0.465347,0.129808,0.581667
0.54,0.989138,0.464109,0.129808,0.58
0.542,0.989138,0.464109,0.129808,0.58
0.544,0.989138,0.464109,0.129808,0.58
0.546,0.989138,0.464109,0.129808,0.58
0.548,0.989138,0.464109,0.129808,0.58
0.55,0.989138,0.464109,0.129808,0.58
0.552,0.989138,0.464109,0.129808,0.58
0.554,0.989138,0.464109,0.129808,0.58
0.556,0.989138,0.464109,0.129808,0.58
0.558,0.989138,0.464109,0.129808,0.58
0.56,0.989138,0.464109,0.129808,0.58
0.562,0.989138,0.464109,0.129808,0.58
0.564,0.989138,0.464109,0.129808,0.58
0.566,0.989138,0.464109,0.129808,0.58
0.568,0.989138,0.464109,0.129808,0.58
0.57,0.989138,0.464109,0.129808,0.58
0.572,0.989138,0.464109,0.129808,0.58
0.574,0.989138,0.464109,0.129808,0.58
0.576,0.989138,0.462871,0.129808,0.578333
0.578,0.989138,0.462871,0.129808,0.578333
0.58,0.989138,0.462871,0.129808,0.578333
0.582,0.989138,0.462871,0.129808,0.578333
0.584,0.989138,0.462871,0.129808,0.578333
0.586,0.989138,0.462871,0.129808,0.578333
0.588,0.989138,0.462871,0.129808,0.578333
0.59,0.989138,0.462871,0.129808,0.578333
0.592,0.989138,0.462871,0.129808,0.578333
0.594,0.989138,0.462871,0.129808,0.578333
0.596,0.989138,0.462871,0.129808,0.578333
0.598,0.989138,0.461634,0.129808,0.576667
0.6,0.989138,0.461634,0.129808,0.576667
0.602,0.989138,0.460396,0.129808,0.575
0.604,0.989138,0.460396,0.129808,0.575
0.606,0.989138,0.460396,0.129808,0.575
0.608,0.989138,0.460396,0.129808,0.575
0.61,0.989138,0.460396,0.129808,0.575
0.612,0.989138,0.460396,0.129808,0.575
0.614,0.989138,0.460396,0.129808,0.575
0.616,0.989138,0.460396,0.129808,0.575
0.618,0.989138,0.460396,0.129808,0.575
0.62,0.989138,0.460396,0.129808,0.575
0.622,0.989138,0.460396,0.129808,0.575
0.624,0.989138,0.459158,0.129808,0.573333
0.626,0.989138,0.459158,0.129808,0.573333
0.628,0.989138,0.459158,0.129808,0.573333
0.63,0.989138,0.459158,0.129808,0.573333
0.632,0.989138,0.457921,0.129808,0.571667
0.634,0.989138,0.457921,0.129808,0.571667
0.636,0.989138,0.457921,0.129808,0.571667
0.638,0.989138,0.457921,0.129808,0.571667
0.64,0.989138,0.456683,0.129808,0.57
0.642,0.989138,0.456683,0.129808,0.57
0.644,0.989138,0.456683,0.129808,0.57
0.646,0.989138,0.456683,0.129808,0.57
0.648,0.989138,0.456683,0.129808,0.57
0.65,0.989138,0.456683,0.129808,0.57
0.652,0.989138,0.456683,0.129808,0.57
0.654,0.988894,0.456683,0.129808,0.57
0.656,0.988894,0.456683,0.129808,0.57
0.658,0.988894,0.456683,0.129808,0.57
0.66,0.988894,0.456683,0.129808,0.57
0.662,0.988894,0.456683,0.129808,0.57
0.664,0.988894,0.456683,0.129808,0.57
0.666,0.988894,0.456683,0.129808,0.57
0.668,0.988894,0.456683,0.129808,0.57
0.67,0.988894,0.456683,0.129808,0.57
0.672,0.989133,0.456683,0.129808,0.57
0.674,0.989133,0.456683,0.129808,0.57
0.676,0.989133,0.455446,0.129808,0.568333
0.678,0.989133,0.455446,0.129808,0.568333
0.68,0.989133,0.454208,0.129808,0.566667
0.682,0.989133,0.454208,0.129808,0.566667
0.684,0.989133,0.454208,0.129808,0.566667
0.686,0.989133,0.454208,0.129808,0.566667
0.688,0.989133,0.454208,0.129808,0.566667
0.69,0.989133,0.454208,0.129808,0.566667
0.692,0.989133,0.454208,0.129808,0.566667
0.694,0.989133,0.454208,0.129808,0.566667
0.696,0.989133,0.454208,0.129808,0.566667
0.698,0.989133,0.45297,0.129808,0.565
0.7,0.989133,0.45297,0.129808,0.565
0.702,0.989133,0.45297,0.129808,0.565
0.704,0.989133,0.45297,0.129808,0.565
0.706,0.989133,0.451733,0.129808,0.563333
0.708,0.989133,0.451733,0.129808,0.563333
0.71,0.989133,0.450495,0.125,0.563333
0.712,0.989133,0.450495,0.125,0.563333
0.714,0.989133,0.450495,0.125,0.563333
0.716,0.989133,0.450495,0.125,0.563333
0.718,0.989133,0.450495,0.125,0.563333
0.72,0.989133,0.450495,0.125,0.563333
0.722,0.989133,0.450495,0.125,0.563333
0.724,0.989133,0.450495,0.125,0.563333
0.726,0.989133,0.450495,0.125,0.563333
0.728,0.989133,0.450495,0.125,0.563333
0.73,0.989133,0.450495,0.125,0.563333
0.732,0.989133,0.450495,0.125,0.563333
0.734,0.989133,0.450495,0.125,0.563333
0.736,0.989133,0.450495,0.125,0.563333
0.738,0.989133,0.450495,0.125,0.563333
0.74,0.989133,0.450495,0.125,0.563333
0.742,0.989133,0.450495,0.125,0.563333
0.744,0.989133,0.450495,0.125,0.563333
0.746,0.989133,0.450495,0.125,0.563333
0.748,0.989133,0.450495,0.125,0.563333
0.75,0.989133,0.450495,0.125,0.563333
0.752,0.989133,0.450495,0.125,0.563333
0.754,0.989133,0.450495,0.125,0.563333
0.756,0.989133,0.449257,0.125,0.561667
0.758,0.989133,0.449257,0.125,0.561667
0.76,0.989133,0.449257,0.125,0.561667
0.762,0.989133,0.449257,0.125,0.561667
0.764,0.989133,0.449257,0.125,0.561667
0.766,0.989133,0.449257,0.125,0.561667
0.768,0.989133,0.449257,0.125,0.561667
0.77,0.989133,0.449257,0.125,0.561667
0.772,0.989133,0.449257,0.125,0.561667
0.774,0.989133,0.449257,0.125,0.561667
0.776,0.989133,0.449257,0.125,0.561667
0.778,0.989133,0.449257,0.125,0.561667
0.78,0.989133,0.449257,0.125,0.561667
0.782,0.989133,0.449257,0.125,0.561667
0.784,0.989133,0.449257,0.125,0.561667
0.786,0.989133,0.449257,0.125,0.561667
0.788,0.989133,0.449257,0.125,0.561667
0.79,0.989133,0.449257,0.125,0.561667
0.792,0.989133,0.449257,0.125,0.561667
0.794,0.989133,0.449257,0.125,0.561667
0.796,0.989133,0.449257,0.125,0.561667
0.798,0.988889,0.449257,0.125,0.561667
0.8,0.988889,0.449257,0.125,0.561667
0.802,0.988889,0.44802,0.125,0.56
0.804,0.988889,0.44802,0.125,0.56
0.806,0.988889,0.44802,0.125,0.56
0.808,0.988889,0.44802,0.125,0.56
0.81,0.988889,0.446782,0.125,0.558333
0.812,0.989128,0.446782,0.125,0.558333
0.814,0.989128,0.446782,0.125,0.558333
0.816,0.989128,0.446782,0.125,0.558333
0.818,0.989128,0.445545,0.125,0.556667
0.82,0.989128,0.445545,0.125,0.556667
0.822,0.989128,0.445545,0.125,0.556667
0.824,0.989128,0.445545,0.125,0.556667
0.826,0.989128,0.445545,0.125,0.556667
0.828,0.989128,0.444307,0.125,0.555
0.83,0.989128,0.444307,0.125,0.555
0.832,0.989128,0.444307,0.125,0.555
0.834,0.989128,0.441832,0.125,0.551667
0.836,0.989128,0.441832,0.125,0.551667
0.838,0.989128,0.441832,0.125,0.551667
0.84,0.989128,0.441832,0.125,0.551667
0.842,0.989128,0.441832,0.125,0.551667
0.844,0.989128,0.441832,0.125,0.551667
0.846,0.989128,0.440594,0.125,0.55
0.848,0.989128,0.439356,0.125,0.548333
0.85,0.989128,0.439356,0.125,0.548333
0.852,0.989128,0.439356,0.125,0.548333
0.854,0.989128,0.439356,0.125,0.548333
0.856,0.989128,0.438119,0.125,0.546667
0.858,0.989128,0.438119,0.125,0.546667
0.86,0.989128,0.438119,0.125,0.546667
0.862,0.988884,0.438119,0.125,0.546667
0.864,0.988884,0.436881,0.125,0.545
0.866,0.988884,0.436881,0.125,0.545
0.868,0.988884,0.436881,0.125,0.545
0.87,0.988884,0.435644,0.120192,0.545
0.872,0.988884,0.435644,0.120192,0.545
0.874,0.988884,0.435644,0.120192,0.545
0.876,0.988884,0.435644,0.120192,0.545
0.878,0.988884,0.435644,0.120192,0.545
0.88,0.988884,0.435644,0.120192,0.545
0.882,0.988884,0.435644,0.120192,0.545
0.884,0.988884,0.435644,0.120192,0.545
0.886,0.988884,0.435644,0.120192,0.545
0.888,0.988884,0.435644,0.120192,0.545
0.89,0.988884,0.435644,0.120192,0.545
0.892,0.988639,0.435644,0.120192,0.545
0.894,0.988395,0.435644,0.120192,0.545
0.896,0.988395,0.434406,0.120192,0.543333
0.898,0.988395,0.433168,0.120192,0.541667
0.9,0.988395,0.433168,0.120192,0.541667
0.902,0.988395,0.433168,0.120192,0.541667
0.904,0.988395,0.433168,0.120192,0.541667
0.906,0.988395,0.431931,0.120192,0.54
0.908,0.988395,0.429455,0.120192,0.536667
0.91,0.988395,0.429455,0.120192,0.536667
0.912,0.988395,0.429455,0.120192,0.536667
0.914,0.988395,0.429455,0.120192,0.536667
0.916,0.988395,0.429455,0.120192,0.536667
0.918,0.988395,0.429455,0.120192,0.536667
0.92,0.988395,0.429455,0.120192,0.536667
0.922,0.988395,0.428218,0.120192,0.535
0.924,0.988395,0.428218,0.120192,0.535
0.926,0.988389,0.428218,0.120192,0.535
0.928,0.988389,0.428218,0.120192,0.535
0.93,0.988144,0.42698,0.120192,0.533333
0.932,0.988383,0.42698,0.120192,0.533333
0.934,0.988383,0.42698,0.120192,0.533333
0.936,0.988383,0.424505,0.120192,0.53
0.938,0.988383,0.424505,0.120192,0.53
0.94,0.988383,0.423267,0.120192,0.528333
0.942,0.988138,0.420792,0.120192,0.525
0.944,0.988138,0.420792,0.120192,0.525
0.946,0.987893,0.420792,0.120192,0.525
0.948,0.987893,0.419554,0.120192,0.523333
0.95,0.987893,0.419554,0.120192,0.523333
0.952,0.987893,0.417079,0.120192,0.52
0.954,0.987893,0.417079,0.120192,0.52
0.956,0.987648,0.417079,0.120192,0.52
0.958,0.986912,0.417079,0.120192,0.52
0.96,0.986912,0.413366,0.120192,0.515
0.962,0.986667,0.412129,0.120192,0.513333
0.964,0.986414,0.412129,0.120192,0.513333
0.966,0.986654,0.412129,0.120192,0.513333
0.968,0.986408,0.410891,0.120192,0.511667
0.97,0.986408,0.405941,0.120192,0.505
0.972,0.986162,0.405941,0.120192,0.505
0.974,0.986162,0.403465,0.120192,0.501667
0.976,0.985669,0.40099,0.115385,0.5
0.978,0.985669,0.398515,0.115385,0.496667
0.98,0.985423,0.397277,0.115385,0.495
0.982,0.985416,0.39604,0.115385,0.493333
0.984,0.985416,0.39604,0.115385,0.493333
0.986,0.985169,0.392327,0.115385,0.488333
0.988,0.984675,0.391089,0.115385,0.486667
0.99,0.983431,0.382426,0.115385,0.475
0.992,0.982687,0.373762,0.110577,0.465
0.994,0.982422,0.367574,0.110577,0.456667
0.996,0.978421,0.362624,0.110577,0.45
0.998,0.976904,0.347772,0.096154,0.435
1.0,0.0,0.0,0.0,0.0
